ТН;ТБ;ГОСБ;кластер;сумма
00000000000000621653;Среднерусский банк;Рязанское ГОСБ;3;-5958077
00000000000000007851;Московский банк;Управление МБ по работе с предприятиями транспорта;1;7707292471
00000000000002218938;Байкальский банк;Иркутское ГОСБ;1;13506631546
00000000000000681382;Северо-Западный банк;Калининградское ГОСБ;3;21380341182
00000000000000782335;Юго-Западный банк;Краснодарское ГОСБ;1;-5205365
00000000000001646505;Сибирский банк;Алтайское ГОСБ;2;0
00000000000001888556;Северо-Западный банк;Вологодское ГОСБ;3;27352524873
00000000000001847743;Юго-Западный банк;Ставропольское ГОСБ;1;-433946
00000000000000442240;Поволжский банк;Аппарат Поволжского банка;1;0
00000000000000691283;Северо-Западный банк;Карельское ГОСБ;4;19522397136
00000000000001691483;Уральский банк;Башкирское ГОСБ;1;6806057616
00000000000000334557;Волго-Вятский банк;Владимирское ГОСБ;3;-1816994
00000000000000315408;Северо-Западный банк;ГО по Санкт-Петербургу;1;24001365691
00000000000001261084;Среднерусский банк;Брянское ГОСБ;3;3184493309
00000000000002204858;Юго-Западный банк;Ростовское ГОСБ;1;17412268889
00000000000001352573;Волго-Вятский банк;Чувашское ГОСБ;3;18998107645
00000000000001660136;Среднерусский банк;Южное ГОСБ;1;-2146296
00000000000000288063;Дальневосточный банк;Приморское ГОСБ;1;15136868267
00000000000000332509;Волго-Вятский банк;Чувашское ГОСБ;3;4514241460
00000000000000680899;Северо-Западный банк;Мурманское ГОСБ;2;28633398949
00000000000001349143;Среднерусский банк;Рязанское ГОСБ;3;0
00000000000002019546;Поволжский банк;Самарское ГОСБ;1;15472540860
00000000000001760525;Волго-Вятский банк;Банк Татарстан ГОСБ;1;3381607291
00000000000000699373;Юго-Западный банк;ГО по Республике Крым;5;0
00000000000001397277;Юго-Западный банк;ГО по Донецкой Народной Республике;5;11812231216
00000000000000811978;Северо-Западный банк;Новгородское ГОСБ;4;11104501459
00000000000000307489;Юго-Западный банк;Кабардино-Балкарское ОСБ;5;21091094192
00000000000002006187;Юго-Западный банк;Краснодарское ГОСБ;1;682195225
00000000000002084779;Московский банк;Управление МБ по работе с предприятиями торговли;1;-2281200
00000000000002180304;Московский банк;Управление МБ по работе с предприятиями торговли;1;0
00000000000000861080;Северо-Западный банк;ГО по Санкт-Петербургу;1;15586054119
00000000000002151110;Юго-Западный банк;ГО по Донецкой Народной Республике;5;18665447466
00000000000002030320;Центрально-Черноземный банк;Курское ГОСБ;4;2756047213
00000000000001510343;Волго-Вятский банк;Банк Татарстан ГОСБ;1;21753759359
00000000000000851473;Сибирский банк;Новосибирское ГОСБ;1;4467422023
00000000000001618988;Волго-Вятский банк;ГО по Нижегородской области;1;25048929089
00000000000001545287;Московский банк;Управление МБ по работе с предприятиями сферы недвижимости;1;24454295595
00000000000000310512;Юго-Западный банк;Ставропольское ГОСБ;1;13680133245
00000000000000413069;Центрально-Черноземный банк;Тамбовское ГОСБ;4;24659515892
00000000000002008167;Сибирский банк;Кемеровское ГОСБ;1;2710240337
00000000000000865176;Поволжский банк;Пензенское ГОСБ;3;19206064207
00000000000001962880;Уральский банк;Свердловское ГОСБ;1;7539379524
00000000000001209077;Сибирский банк;Аппарат Сибирского банка;1;2353887796
00000000000001739807;Северо-Западный банк;Аппарат Северо-Западного банка;1;14205087162
00000000000000386870;Уральский банк;Аппарат Уральского банка;1;11433053467
00000000000000319272;Волго-Вятский банк;ГО по Нижегородской области;1;11242410981
00000000000001718061;Юго-Западный банк;Ставропольское ГОСБ;1;194825207
00000000000001766879;Среднерусский банк;Аппарат Среднерусского банка;1;28187171226
00000000000001202842;Северо-Западный банк;ГО по Санкт-Петербургу;1;29016732450
00000000000000349083;Сибирский банк;Алтайское ГОСБ;2;4228974156
00000000000000339815;Волго-Вятский банк;Владимирское ГОСБ;3;0
00000000000001222349;Байкальский банк;Иркутское ГОСБ;1;12836150930
00000000000001306762;Среднерусский банк;Ярославское ГОСБ;2;28273950318
00000000000001138136;Волго-Вятский банк;ГО по Нижегородской области;1;28847749471
00000000000001367056;Волго-Вятский банк;ГО по Нижегородской области;1;22619910242
00000000000002203647;Поволжский банк;Пензенское ГОСБ;3;15891125612
00000000000001740351;Северо-Западный банк;ГО по Санкт-Петербургу;1;26778701768
00000000000001371223;Центрально-Черноземный банк;ГО по Воронежской области;1;21498061449
00000000000001102170;Юго-Западный банк;Краснодарское ГОСБ;1;12601136092
00000000000000379708;Уральский банк;Башкирское ГОСБ;1;14403933230
00000000000001441350;Поволжский банк;Оренбургское ГОСБ;2;8660053081
00000000000002065307;Московский банк;Управление МБ по работе с предприятиями торговли;1;15074644895
00000000000000340222;Сибирский банк;Кемеровское ГОСБ;1;27256021968
00000000000000688899;Северо-Западный банк;Аппарат Северо-Западного банка;1;18028675894
00000000000000321434;Волго-Вятский банк;Кировское ГОСБ;3;-3692649
00000000000001360115;Волго-Вятский банк;ГО по Нижегородской области;1;2978801378
00000000000001385197;Уральский банк;Башкирское ГОСБ;1;5690656745
00000000000000333446;Волго-Вятский банк;Банк Татарстан ГОСБ;1;2630374621
00000000000001997242;Уральский банк;Югорское отделение;1;-7634322
00000000000000776688;Московский банк;Управление МБ по работе с предприятиями промышленности;1;-3384190
00000000000002170627;Среднерусский банк;Аппарат Среднерусского банка;1;5135429697
00000000000000705008;Северо-Западный банк;Карельское ГОСБ;4;12535037933
00000000000002145737;Среднерусский банк;Восточное ГОСБ;1;16877143582
00000000000002115154;Юго-Западный банк;ГО по Донецкой Народной Республике;5;18995340684
00000000000001445731;Поволжский банк;Волгоградское ГОСБ;2;10051913804
00000000000000928216;Северо-Западный банк;ГО по Санкт-Петербургу;1;4420200140
00000000000001947062;Уральский банк;Свердловское ГОСБ;1;26522911714
00000000000000367298;Среднерусский банк;Аппарат Среднерусского банка;1;5658618547
00000000000001567814;Юго-Западный банк;Ставропольское ГОСБ;1;12553650034
00000000000002225106;Московский банк;Управление МБ по работе с предприятиями торговли;1;20713837691
00000000000001154518;Центрально-Черноземный банк;ГО по Воронежской области;1;803616097
00000000000000879386;Среднерусский банк;Аппарат Среднерусского банка;1;-2819344
00000000000001784936;Московский банк;Управление МБ по работе с предприятиями транспорта;1;12966226770
00000000000002201437;Уральский банк;Западно-Сибирское ГОСБ;2;8223082739
00000000000002021760;Московский банк;Управление МБ по работе с предприятиями торговли;1;-7685404
00000000000002211675;Волго-Вятский банк;Банк Татарстан ГОСБ;1;15192876476
00000000000000037123;Московский банк;Управление МБ по работе с предприятиями транспорта;1;5820588623
00000000000000400880;Центрально-Черноземный банк;ГО по Воронежской области;1;-4722585
00000000000001971736;Юго-Западный банк;Ростовское ГОСБ;1;21731364117
00000000000001455878;Московский банк;Управление МБ по работе с предприятиями сферы недвижимости;1;13859579887
00000000000000402201;Центрально-Черноземный банк;Аппарат Центрально-Черноземного банка;1;21267243059
00000000000002123846;Центрально-Черноземный банк;Тамбовское ГОСБ;4;7311285756
00000000000000364625;Среднерусский банк;Тульское ГОСБ;2;23958633367
00000000000001160438;Уральский банк;Башкирское ГОСБ;1;8845551697
00000000000000370194;Среднерусский банк;Тверское ГОСБ;3;5987280269
00000000000000751697;Юго-Западный банк;ГО по Донецкой Народной Республике;5;3424886562
00000000000000929256;Поволжский банк;Оренбургское ГОСБ;2;24418436350
00000000000000877649;Московский банк;Управление МБ по работе с предприятиями сферы услуг;1;7315357938
00000000000001454323;Байкальский банк;Аппарат Байкальского Банка;1;13293510198
00000000000000374037;Среднерусский банк;Калужское ГОСБ;3;10298228339
00000000000002158692;Уральский банк;Башкирское ГОСБ;1;2177198009
00000000000001894645;Поволжский банк;Самарское ГОСБ;1;25189936690
00000000000000368099;Среднерусский банк;Северное ГОСБ;1;29340390633
00000000000000041144;Московский банк;Управление МБ по работе с предприятиями промышленности;1;10441084224
00000000000000782396;Юго-Западный банк;Краснодарское ГОСБ;1;3214380068
00000000000000680041;Северо-Западный банк;Калининградское ГОСБ;3;20782426722
00000000000000922400;Байкальский банк;Якутское ГОСБ;2;23804016464
00000000000000867376;Волго-Вятский банк;Банк Татарстан ГОСБ;1;-7455751
00000000000001590809;Московский банк;Управление МБ по работе с предприятиями инфраструктуры;1;22743680025
00000000000000376785;Уральский банк;Аппарат Уральского банка;1;20619526549
00000000000000888141;Юго-Западный банк;Ставропольское ГОСБ;1;-3528061
00000000000001505675;Байкальский банк;Иркутское ГОСБ;1;5316515578
00000000000000294261;Северо-Западный банк;Вологодское ГОСБ;3;2815230973
00000000000000681656;Московский банк;Управление МБ по работе с предприятиями сферы услуг;1;21514457754
00000000000000360099;Среднерусский банк;Брянское ГОСБ;3;25515294940
00000000000001725808;Северо-Западный банк;ГО по Санкт-Петербургу;1;3099734003
00000000000000338638;Волго-Вятский банк;Владимирское ГОСБ;3;28174486221
00000000000002198304;Северо-Западный банк;Калининградское ГОСБ;3;18458293751
00000000000002237393;Московский банк;Управление МБ по работе с предприятиями сферы недвижимости;1;-8968956
00000000000001802449;Московский банк;Управление МБ по работе с предприятиями сферы недвижимости;1;19606087715
00000000000000760117;Юго-Западный банк;Краснодарское ГОСБ;1;-568239
00000000000000379378;Уральский банк;Свердловское ГОСБ;1;24091100044
00000000000001442257;Юго-Западный банк;Краснодарское ГОСБ;1;-2771469
00000000000000933521;Уральский банк;Свердловское ГОСБ;1;11373271720
00000000000001299063;Северо-Западный банк;ГО по Санкт-Петербургу;1;-61537
00000000000001548915;Среднерусский банк;Ярославское ГОСБ;2;21327401434
00000000000002061511;Московский банк;Управление МБ по работе с предприятиями инфраструктуры;1;7207705775
00000000000000976034;Московский банк;Управление МБ по работе с предприятиями сферы услуг;1;-8923086
00000000000000291395;Северо-Западный банк;Архангельское ГОСБ;2;24058531089
00000000000001420181;Московский банк;Управление МБ по работе с предприятиями транспорта;1;20386936080
00000000000001486034;Северо-Западный банк;ГО по Санкт-Петербургу;1;28345208262
00000000000001474097;Поволжский банк;Самарское ГОСБ;1;634928784
00000000000000405606;Центрально-Черноземный банк;Липецкое ГОСБ;3;-3048064
00000000000002017172;Московский банк;Управление МБ по работе с предприятиями инфраструктуры;1;14325518598
00000000000000638214;Среднерусский банк;Смоленское ГОСБ;4;21052236408
00000000000000682828;Северо-Западный банк;Мурманское ГОСБ;2;8565606596
00000000000000380153;Уральский банк;Башкирское ГОСБ;1;-6277186
00000000000001637649;Волго-Вятский банк;Мордовское ГОСБ;4;3165208395
00000000000000353237;Сибирский банк;Алтайское ГОСБ;2;15324110546
00000000000001880378;Московский банк;Управление МБ по работе с предприятиями транспорта;1;-2928518
00000000000002101998;Северо-Западный банк;Вологодское ГОСБ;3;1864858516
00000000000001466322;Сибирский банк;Новосибирское ГОСБ;1;-5547891
00000000000001755900;Уральский банк;Ямало-Ненецкое отделение;4;0
00000000000000413803;Центрально-Черноземный банк;Белгородское ГОСБ;2;29034097261
00000000000001832422;Уральский банк;Западно-Сибирское ГОСБ;2;-2671101
00000000000001095294;Байкальский банк;Якутское ГОСБ;2;16702422011
00000000000001577223;Волго-Вятский банк;Пермское ГОСБ;1;24045448888
00000000000001589551;Среднерусский банк;Южное ГОСБ;1;23146687071
00000000000001603720;Среднерусский банк;Рязанское ГОСБ;3;2243533732
00000000000001094793;Дальневосточный банк;Хабаровское ГОСБ;2;24393469842
00000000000001469698;Центрально-Черноземный банк;ГО по Луганской Народной Республике;5;13555704270
00000000000002226278;Московский банк;Управление МБ по работе с предприятиями сферы услуг;1;28853648381
00000000000001979312;Московский банк;Управление МБ по работе с предприятиями транспорта;1;11005119231
00000000000001409938;Северо-Западный банк;ГО по Санкт-Петербургу;1;-3131972
00000000000000957884;Юго-Западный банк;Ростовское ГОСБ;1;26349646283
00000000000001837506;Сибирский банк;Аппарат Сибирского банка;1;10991096262
00000000000001867181;Московский банк;Управление МБ по работе с предприятиями транспорта;1;28743695673
00000000000001456452;Северо-Западный банк;ГО по Санкт-Петербургу;1;6907201714
00000000000002072814;Центрально-Черноземный банк;ГО по Воронежской области;1;11728906171
00000000000001124228;Московский банк;Управление МБ по работе с предприятиями торговли;1;21149355317
00000000000001412702;Дальневосточный банк;Аппарат Дальневосточного банка;1;18249510542
00000000000000772710;Юго-Западный банк;Ростовское ГОСБ;1;270930573
00000000000000307312;Юго-Западный банк;Ставропольское ГОСБ;1;14564806117
00000000000001144682;Северо-Западный банк;Вологодское ГОСБ;3;24679233285
00000000000000009127;Московский банк;Управление МБ по работе с предприятиями промышленности;1;1877252452
00000000000001367098;Байкальский банк;Аппарат Байкальского Банка;1;19527063866
00000000000000674270;Уральский банк;Башкирское ГОСБ;1;-7194492
00000000000001505895;Московский банк;Управление МБ по работе с предприятиями промышленности;1;-9719492
00000000000000466257;Юго-Западный банк;Ростовское ГОСБ;1;20874753997
00000000000001360551;Дальневосточный банк;Приморское ГОСБ;1;20229060705
00000000000000418726;Уральский банк;Башкирское ГОСБ;1;29235849275
00000000000001896571;Сибирский банк;Омское ГОСБ;2;1997832379
00000000000000763926;Центрально-Черноземный банк;ГО по Луганской Народной Республике;5;-8048002
00000000000002048257;Московский банк;Управление МБ по работе с предприятиями транспорта;1;26827445199
00000000000000337398;Волго-Вятский банк;Владимирское ГОСБ;3;6743435496
00000000000002153284;Уральский банк;Западно-Сибирское ГОСБ;2;12560347772
00000000000002159328;Московский банк;Управление МБ по работе с предприятиями торговли;1;16368756254
00000000000001117482;Московский банк;Управление МБ по работе с предприятиями торговли;1;25932934610
00000000000000390737;Уральский банк;Свердловское ГОСБ;1;28295599930
00000000000001198603;Дальневосточный банк;Приморское ГОСБ;1;187223090
00000000000001463693;Московский банк;Управление МБ по работе с предприятиями сферы услуг;1;22293524761
00000000000001972516;Среднерусский банк;Тульское ГОСБ;2;5532740487
00000000000000351685;Сибирский банк;Алтайское ГОСБ;2;986324150
00000000000001558335;Северо-Западный банк;Коми ГОСБ;4;-6876467
00000000000001981372;Среднерусский банк;Восточное ГОСБ;1;20809208637
00000000000001985942;Дальневосточный банк;Хабаровское ГОСБ;2;0
00000000000001959400;Сибирский банк;Кемеровское ГОСБ;1;17557680890
00000000000000312784;Юго-Западный банк;Ставропольское ГОСБ;1;11388352799
00000000000001966727;Северо-Западный банк;ГО по Ленинградской области;2;19293304669
00000000000001532937;Уральский банк;Свердловское ГОСБ;1;14001012783
00000000000002173021;Уральский банк;Югорское отделение;1;-5039118
00000000000001931010;Московский банк;Управление МБ по работе с предприятиями торговли;1;2057910489
00000000000001972577;Уральский банк;Свердловское ГОСБ;1;28259748171
00000000000001479138;Московский банк;Управление МБ по работе с предприятиями торговли;1;20961039981
00000000000000452913;Поволжский банк;Саратовское ГОСБ;2;-2758504
00000000000000445810;Поволжский банк;Пензенское ГОСБ;3;10933654612
00000000000000338022;Волго-Вятский банк;Банк Татарстан ГОСБ;1;11126174972
00000000000001831589;Московский банк;Управление МБ по работе с предприятиями сферы услуг;1;26755326980
00000000000002201705;Поволжский банк;Аппарат Поволжского банка;1;10416626489
00000000000001744712;Московский банк;Управление МБ по работе с предприятиями торговли;1;6461973629
00000000000001724998;Сбербанк;;0;-3367166
00000000000000450128;Поволжский банк;Волгоградское ГОСБ;2;21008167713
00000000000000310473;Юго-Западный банк;Ставропольское ГОСБ;1;25667909784
00000000000002212251;Сибирский банк;Алтайское ГОСБ;2;25635572080
00000000000001100847;Волго-Вятский банк;Аппарат Волго-Вятского банка;1;-6631037
00000000000000413408;Центрально-Черноземный банк;Белгородское ГОСБ;2;12177463725
00000000000001843518;Северо-Западный банк;ГО по Санкт-Петербургу;1;-1634254
00000000000002063624;Поволжский банк;Астраханское ГОСБ;4;2307128364
00000000000001582821;Центрально-Черноземный банк;Орловское ГОСБ;4;-3362669
00000000000001335295;Байкальский банк;Иркутское ГОСБ;1;19727077119
00000000000000926303;Уральский банк;Башкирское ГОСБ;1;18748444478
00000000000001932372;Юго-Западный банк;Ставропольское ГОСБ;1;7316882192
00000000000002160342;Северо-Западный банк;ГО по Ленинградской области;2;11585051834
00000000000001351744;Среднерусский банк;Костромское ГОСБ;4;19104144288
00000000000000417593;Уральский банк;Башкирское ГОСБ;1;26004721331
00000000000000798488;Волго-Вятский банк;Пермское ГОСБ;1;20452668134
00000000000002082459;Среднерусский банк;Северное ГОСБ;1;19781063646
00000000000001787964;Юго-Западный банк;Аппарат Юго-Западного банка;1;21845081019
00000000000001235479;Северо-Западный банк;ГО по Санкт-Петербургу;1;7478736361
00000000000001359999;Волго-Вятский банк;Пермское ГОСБ;1;0
00000000000001766338;Поволжский банк;Оренбургское ГОСБ;2;16033166981
00000000000002225077;Московский банк;Управление МБ по работе с предприятиями торговли;1;15258994374
00000000000000097037;Уральский банк;Западно-Сибирское ГОСБ;2;21853707560
00000000000001071209;Сибирский банк;Алтайское ГОСБ;2;28273191251
00000000000001696609;Московский банк;Управление МБ по работе с предприятиями торговли;1;18127804396
00000000000002092963;Московский банк;Управление МБ по работе с предприятиями промышленности;1;8557150671
00000000000000342684;Сибирский банк;Кемеровское ГОСБ;1;22664224926
00000000000000895835;Среднерусский банк;Тульское ГОСБ;2;18975751460
00000000000000861100;Московский банк;Управление МБ по работе с предприятиями сферы недвижимости;1;6823563720
00000000000001691439;Северо-Западный банк;ГО по Санкт-Петербургу;1;29767809342
00000000000000287135;Дальневосточный банк;Благовещенское ГОСБ;3;6935836968
00000000000000822802;Сибирский банк;Омское ГОСБ;2;28641789164
00000000000001112806;Дальневосточный банк;Хабаровское ГОСБ;2;8420216087
00000000000001792760;Северо-Западный банк;Аппарат Северо-Западного банка;1;23203897701
00000000000002242401;Центрально-Черноземный банк;Липецкое ГОСБ;3;14702779594
00000000000002091087;Северо-Западный банк;Псковское ГОСБ;4;12581874373
00000000000001393319;Волго-Вятский банк;ГО по Нижегородской области;1;12217257242
00000000000001000966;Московский банк;Управление МБ по работе с предприятиями сферы услуг;1;-3193984
00000000000000776965;Юго-Западный банк;Ростовское ГОСБ;1;0
00000000000001076915;Центрально-Черноземный банк;ГО по Луганской Народной Республике;5;-8787348
00000000000000418152;Московский банк;Аппарат территориального банка;0;-4027077
00000000000001905195;Северо-Западный банк;ГО по Ленинградской области;2;17951417498
00000000000000908605;Поволжский банк;Ульяновское ГОСБ;3;20341723063
00000000000001583445;Сибирский банк;Красноярское ГОСБ;1;1570542357
00000000000000933720;Московский банк;Управление МБ по работе с предприятиями торговли;1;-7477800
00000000000000351991;Сибирский банк;Новосибирское ГОСБ;1;-9013109
00000000000001756540;Северо-Западный банк;Вологодское ГОСБ;3;14597653926
00000000000000296490;Северо-Западный банк;Архангельское ГОСБ;2;5819621894
00000000000001409880;Центрально-Черноземный банк;Липецкое ГОСБ;3;0
00000000000002007003;Дальневосточный банк;Благовещенское ГОСБ;3;-5704666
00000000000001383610;Юго-Западный банк;Ростовское ГОСБ;1;-4354753
00000000000001773474;Среднерусский банк;Южное ГОСБ;1;-3852493
00000000000001287547;Байкальский банк;Иркутское ГОСБ;1;4518586230
00000000000000007557;Московский банк;Управление МБ по работе с предприятиями сферы услуг;1;959029872
00000000000000387156;Уральский банк;Аппарат Уральского банка;1;26335142789
00000000000001773623;Московский банк;Управление МБ по работе с предприятиями сферы недвижимости;1;-6718227
00000000000001479791;Северо-Западный банк;Вологодское ГОСБ;3;24547632056
00000000000002137147;Волго-Вятский банк;Пермское ГОСБ;1;1321319538
00000000000000909333;Юго-Западный банк;Карачаево-Черкесское ОСБ;5;4064550115
00000000000001502066;Среднерусский банк;Тульское ГОСБ;2;17892629222
00000000000000687330;Северо-Западный банк;Калининградское ГОСБ;3;-5388460
00000000000001357507;Московский банк;Управление МБ по работе с предприятиями транспорта;1;21236990490
00000000000000633569;Среднерусский банк;Рязанское ГОСБ;3;14988133424
00000000000001616146;Северо-Западный банк;ГО по Санкт-Петербургу;1;0
00000000000000997822;Поволжский банк;Оренбургское ГОСБ;2;-4991167
00000000000001952668;Центрально-Черноземный банк;ГО по Воронежской области;1;21425445417
00000000000000884781;Московский банк;Управление МБ по работе с предприятиями торговли;1;0
00000000000001338658;Байкальский банк;Читинское ГОСБ;3;-7586676
00000000000001506459;Северо-Западный банк;ГО по Санкт-Петербургу;1;26165059564
00000000000001212056;Среднерусский банк;Восточное ГОСБ;1;25020781990
00000000000001741089;Северо-Западный банк;ГО по Санкт-Петербургу;1;22147993064
00000000000000965393;Среднерусский банк;Восточное ГОСБ;1;15753086184
00000000000002163947;Среднерусский банк;Ярославское ГОСБ;2;10107032847
00000000000000401657;Центрально-Черноземный банк;Липецкое ГОСБ;3;24244195715
00000000000000958220;Московский банк;Управление МБ по работе с предприятиями сферы недвижимости;1;1434798262
00000000000000791423;Волго-Вятский банк;Пермское ГОСБ;1;26439912274
00000000000000923850;Среднерусский банк;Южное ГОСБ;1;6529511002
00000000000000405705;Центрально-Черноземный банк;Орловское ГОСБ;4;6950028874
00000000000001237482;Северо-Западный банк;Вологодское ГОСБ;3;7172681121
00000000000001968839;Поволжский банк;Самарское ГОСБ;1;6813129230
00000000000000342774;Сибирский банк;Новосибирское ГОСБ;1;23875648269
00000000000001193382;Юго-Западный банк;Краснодарское ГОСБ;1;15290559327
00000000000000415310;Центрально-Черноземный банк;Аппарат Центрально-Черноземного банка;1;190081124
00000000000000314750;Волго-Вятский банк;ГО по Нижегородской области;1;23482419324
00000000000000386820;Северо-Западный банк;Калининградское ГОСБ;3;5450002348
00000000000002202982;Северо-Западный банк;Архангельское ГОСБ;2;-7155633
00000000000001828427;Волго-Вятский банк;Пермское ГОСБ;1;-5487956
00000000000002079504;Северо-Западный банк;ГО по Санкт-Петербургу;1;28553268148
00000000000000885965;Уральский банк;Челябинское ГОСБ;1;15120901719
00000000000000908738;Байкальский банк;Иркутское ГОСБ;1;12645909264
00000000000001993359;Волго-Вятский банк;Мордовское ГОСБ;4;26821556514
00000000000001637520;Дальневосточный банк;Южно-Сахалинское ГОСБ;3;27474243778
00000000000000396188;Поволжский банк;Астраханское ГОСБ;4;5703811322
00000000000001078591;Северо-Западный банк;ГО по Санкт-Петербургу;1;14564255844
00000000000001292028;Сибирский банк;Красноярское ГОСБ;1;13252107849
00000000000001394513;Центральный аппарат;;0;28305068079
00000000000001691126;Среднерусский банк;Западное ГОСБ;1;545946624
00000000000002186415;Дальневосточный банк;Приморское ГОСБ;1;26414963630
00000000000001024600;Уральский банк;Курганское ГОСБ;4;28799914904
00000000000000331961;Волго-Вятский банк;Аппарат Волго-Вятского банка;1;23069559095
00000000000001782863;Среднерусский банк;Восточное ГОСБ;1;280057040
00000000000002053204;Байкальский банк;Иркутское ГОСБ;1;21025982131
00000000000000316138;Московский банк;Управление МБ по работе с предприятиями сферы услуг;1;18785194313
00000000000000451269;Поволжский банк;Волгоградское ГОСБ;2;29331331218
00000000000002050528;Сибирский банк;Красноярское ГОСБ;1;-819441
00000000000001786202;Юго-Западный банк;Аппарат Юго-Западного банка;1;11372334624
00000000000001957961;Среднерусский банк;Западное ГОСБ;1;-6364966
00000000000002155929;Среднерусский банк;Смоленское ГОСБ;4;9825346709
00000000000001779049;Сибирский банк;Новосибирское ГОСБ;1;20488368510
00000000000001447467;Поволжский банк;Аппарат Поволжского банка;1;20986921401
00000000000000406787;Московский банк;Управление МБ по работе с предприятиями сферы услуг;1;2568750346
00000000000001830541;Московский банк;Управление МБ по работе с предприятиями сферы недвижимости;1;9208564713
00000000000001783126;Среднерусский банк;Аппарат Среднерусского банка;1;12875407541
00000000000000450787;Московский банк;Управление МБ по работе с предприятиями торговли;1;19457121732
00000000000000130728;Байкальский банк;Аппарат Байкальского Банка;1;21922497959
00000000000001873850;Северо-Западный банк;Аппарат Северо-Западного банка;1;20637432996
00000000000000381745;Северо-Западный банк;ГО по Санкт-Петербургу;1;18767585444
00000000000001744721;Юго-Западный банк;Ростовское ГОСБ;1;8086406539
00000000000000808888;Среднерусский банк;Тульское ГОСБ;2;25939351205
00000000000002043747;Центрально-Черноземный банк;ГО по Воронежской области;1;29030322586
00000000000001826070;Среднерусский банк;Аппарат Среднерусского банка;1;28298522919
00000000000001430753;Московский банк;Управление МБ по работе с предприятиями торговли;1;12027506241
00000000000001081989;Уральский банк;Западно-Сибирское ГОСБ;2;-2904351
00000000000001573015;Волго-Вятский банк;Банк Татарстан ГОСБ;1;57429849
00000000000000083490;Среднерусский банк;Южное ГОСБ;1;8248421340
00000000000001522905;Московский банк;Управление МБ по работе с предприятиями торговли;1;29307003914
00000000000000926859;Московский банк;Управление МБ по работе с предприятиями сферы услуг;1;8895383519
00000000000002184414;Северо-Западный банк;Мурманское ГОСБ;2;-9518503
00000000000001968669;Московский банк;Управление МБ по работе с предприятиями сферы услуг;1;1464831374
00000000000001416887;Дальневосточный банк;Хабаровское ГОСБ;2;688543170
00000000000001360258;Волго-Вятский банк;Банк Татарстан ГОСБ;1;22236286572
00000000000001117539;Уральский банк;Аппарат Уральского банка;1;-5574870
00000000000002142115;Юго-Западный банк;Ингушское ОСБ;5;12284623401
00000000000002021609;Московский банк;Управление МБ по работе с предприятиями сферы недвижимости;1;7474969592
00000000000000911141;Байкальский банк;Иркутское ГОСБ;1;21764590965
00000000000000127348;Северо-Западный банк;Калининградское ГОСБ;3;25822464448
00000000000000321473;Волго-Вятский банк;Кировское ГОСБ;3;4835634476
00000000000000360142;Среднерусский банк;Калужское ГОСБ;3;29944186047
00000000000002121699;Дальневосточный банк;Хабаровское ГОСБ;2;24568192956
00000000000000312937;Юго-Западный банк;Ставропольское ГОСБ;1;670791199
00000000000000546417;Волго-Вятский банк;Удмуртское ГОСБ;2;1623715379
00000000000000818931;Юго-Западный банк;ГО по Донецкой Народной Республике;5;0
00000000000000394532;Поволжский банк;Ульяновское ГОСБ;3;-4995763
00000000000000329966;Волго-Вятский банк;Банк Татарстан ГОСБ;1;-4177399
00000000000001757623;Северо-Западный банк;ГО по Санкт-Петербургу;1;26309556250
00000000000002159937;Московский банк;Управление МБ по работе с предприятиями торговли;1;1133323869
00000000000000678203;Северо-Западный банк;Аппарат Северо-Западного банка;1;21974964141
00000000000000399058;Центрально-Черноземный банк;ГО по Воронежской области;1;19137496252
00000000000001920754;Московский банк;Управление МБ по работе с предприятиями сферы недвижимости;1;21714885361
00000000000000758700;Юго-Западный банк;Ростовское ГОСБ;1;-9387264
00000000000001471288;Среднерусский банк;Восточное ГОСБ;1;3077461149
00000000000000367245;Среднерусский банк;Тульское ГОСБ;2;28430356126
00000000000002002117;Юго-Западный банк;Краснодарское ГОСБ;1;20216680837
00000000000002119256;Волго-Вятский банк;Банк Татарстан ГОСБ;1;-6015134
00000000000002223264;Московский банк;Управление МБ по работе с предприятиями промышленности;1;23059196575
00000000000001969796;Среднерусский банк;Рязанское ГОСБ;3;6430168751
00000000000000873286;Сибирский банк;Красноярское ГОСБ;1;0
00000000000001639520;Северо-Западный банк;ГО по Санкт-Петербургу;1;29423507531
00000000000001496513;Байкальский банк;Аппарат Байкальского Банка;1;10026324481
00000000000001060028;Среднерусский банк;Брянское ГОСБ;3;4881544253
00000000000001949961;Юго-Западный банк;Краснодарское ГОСБ;1;6458337625
00000000000000816264;Уральский банк;Ямало-Ненецкое отделение;4;24199412484
00000000000002000452;Юго-Западный банк;Краснодарское ГОСБ;1;-9700017
00000000000000859530;Центрально-Черноземный банк;Белгородское ГОСБ;2;13049769518
00000000000000950723;Юго-Западный банк;Краснодарское ГОСБ;1;22285110604
00000000000000346189;Сибирский банк;Кемеровское ГОСБ;1;9697229542
00000000000000011228;Московский банк;Управление МБ по работе с предприятиями сферы недвижимости;1;-4457976
00000000000002178574;Центрально-Черноземный банк;ГО по Луганской Народной Республике;5;20772482115
00000000000002215029;Волго-Вятский банк;Банк Татарстан ГОСБ;1;17656847822
00000000000000771151;Юго-Западный банк;Краснодарское ГОСБ;1;26350826957
00000000000002224199;Уральский банк;Югорское отделение;1;25274857450
00000000000001967135;Сибирский банк;Аппарат Сибирского банка;1;-6275986
00000000000001110946;Уральский банк;Свердловское ГОСБ;1;8513642268
00000000000001091967;Московский банк;Управление МБ по работе с предприятиями промышленности;1;3168713711
00000000000000449817;Поволжский банк;Саратовское ГОСБ;2;-1303891
00000000000000680738;Северо-Западный банк;Мурманское ГОСБ;2;23839041443
00000000000001266830;Среднерусский банк;Южное ГОСБ;1;26381153116
00000000000000323665;Волго-Вятский банк;Аппарат Волго-Вятского банка;1;18533894825
00000000000002189730;Московский банк;Управление МБ по работе с предприятиями торговли;1;14162883956
00000000000001001290;Центрально-Черноземный банк;Тамбовское ГОСБ;4;-2856637
00000000000000800446;Северо-Западный банк;Коми ГОСБ;4;11684308130
00000000000000318881;Волго-Вятский банк;Аппарат Волго-Вятского банка;1;3111682238
00000000000000389472;Уральский банк;Свердловское ГОСБ;1;6686445371
00000000000001741985;Московский банк;Управление МБ по работе с предприятиями промышленности;1;-2598290
00000000000000860324;Московский банк;Управление МБ по работе с предприятиями сферы недвижимости;1;12227657071
00000000000001421280;Уральский банк;Аппарат Уральского банка;1;14285186919
00000000000002000456;Московский банк;Управление МБ по работе с предприятиями сферы услуг;1;20969442109
00000000000001108473;Байкальский банк;Иркутское ГОСБ;1;6787715128
00000000000001945210;Дальневосточный банк;Аппарат Дальневосточного банка;1;7419459473
00000000000001767713;Московский банк;Управление МБ по работе с предприятиями торговли;1;7782479365
00000000000000302815;Байкальский банк;Якутское ГОСБ;2;4514205472
00000000000001727742;Северо-Западный банк;ГО по Ленинградской области;2;-9446477
00000000000001586782;Юго-Западный банк;Краснодарское ГОСБ;1;490503229
00000000000000926839;Центрально-Черноземный банк;ГО по Луганской Народной Республике;5;9742933685
00000000000001875872;Центрально-Черноземный банк;ГО по Луганской Народной Республике;5;-5249669
00000000000000296063;Северо-Западный банк;Архангельское ГОСБ;2;-1268397
00000000000000124374;Байкальский банк;Бурятское ГОСБ;4;14373921314
00000000000001192771;Волго-Вятский банк;Марий Эл ГОСБ;5;24678033010
00000000000002130081;Центрально-Черноземный банк;ГО по Луганской Народной Республике;5;23562905085
00000000000001770407;Сбербанк;;0;393945631
00000000000000104697;Уральский банк;Югорское отделение;1;-272855
00000000000000756421;Юго-Западный банк;Адыгейское ГОСБ;5;0
00000000000001338353;Волго-Вятский банк;Банк Татарстан ГОСБ;1;-2018553
00000000000001197258;Московский банк;Управление МБ по работе с предприятиями инфраструктуры;1;22099746089
00000000000000886430;Сибирский банк;Красноярское ГОСБ;1;16363216328
00000000000000974386;Байкальский банк;Якутское ГОСБ;2;1141022673
00000000000000893994;Юго-Западный банк;Ростовское ГОСБ;1;0
00000000000000370358;Среднерусский банк;Южное ГОСБ;1;5788560690
00000000000000409526;Центрально-Черноземный банк;Курское ГОСБ;4;0
00000000000000911299;Волго-Вятский банк;ГО по Нижегородской области;1;8674557850
00000000000001411929;Московский банк;Управление МБ по работе с предприятиями торговли;1;-523350
00000000000001234693;Северо-Западный банк;ГО по Ленинградской области;2;7576692371
00000000000001538286;Волго-Вятский банк;ГО по Нижегородской области;1;9560083572
00000000000001566811;Северо-Западный банк;Калининградское ГОСБ;3;23405032859
00000000000001776040;Уральский банк;Западно-Сибирское ГОСБ;2;25980634493
00000000000001853918;Северо-Западный банк;Вологодское ГОСБ;3;2368944968
00000000000001784214;Среднерусский банк;Аппарат Среднерусского банка;1;-8673641
00000000000001496633;Московский банк;Управление МБ по работе с предприятиями сферы недвижимости;1;0
00000000000002208351;Байкальский банк;Иркутское ГОСБ;1;-6935680
00000000000002226148;Московский банк;Управление МБ по работе с предприятиями сферы услуг;1;20171754650
00000000000000955850;Среднерусский банк;Аппарат Среднерусского банка;1;7679386006
00000000000000936824;Байкальский банк;Иркутское ГОСБ;1;22662824270
00000000000001774508;Московский банк;Управление МБ по работе с предприятиями транспорта;1;26090349129
00000000000000946440;Северо-Западный банк;Новгородское ГОСБ;4;23570884328
00000000000000332450;Волго-Вятский банк;Банк Татарстан ГОСБ;1;-4852429
00000000000001469427;Байкальский банк;Иркутское ГОСБ;1;29229564286
00000000000000530459;Среднерусский банк;Восточное ГОСБ;1;-8686661
00000000000000346709;Сибирский банк;Томское ГОСБ;4;-3589890
00000000000001586865;Байкальский банк;Иркутское ГОСБ;1;-1238658
00000000000002133730;Поволжский банк;Самарское ГОСБ;1;21570667756
00000000000001001558;Среднерусский банк;Южное ГОСБ;1;17653602313
00000000000002157798;Северо-Западный банк;ГО по Санкт-Петербургу;1;5399636853
00000000000001863696;Сибирский банк;Аппарат Сибирского банка;1;-9596991
00000000000000455261;Поволжский банк;Саратовское ГОСБ;2;-4298611
00000000000001643019;Сибирский банк;Красноярское ГОСБ;1;-3410892
00000000000001285737;Уральский банк;Западно-Сибирское ГОСБ;2;3257160197
00000000000000280293;Сибирский банк;Новосибирское ГОСБ;1;14202656559
00000000000002176084;Московский банк;Управление МБ по работе с предприятиями инфраструктуры;1;23709114989
00000000000001689037;Московский банк;Управление МБ по работе с предприятиями сферы недвижимости;1;23340747021
00000000000001400867;Московский банк;Управление МБ по работе с предприятиями торговли;1;13265065384
00000000000001919830;Среднерусский банк;Северное ГОСБ;1;9553269846
00000000000000815853;Волго-Вятский банк;Мордовское ГОСБ;4;-3211254
00000000000001445657;Дальневосточный банк;Хабаровское ГОСБ;2;3114508327
00000000000001218545;Московский банк;Управление МБ по работе с предприятиями торговли;1;22331902679
00000000000000625379;Среднерусский банк;Тульское ГОСБ;2;12652271499
00000000000000451668;Поволжский банк;Саратовское ГОСБ;2;-4875978
00000000000001479922;Северо-Западный банк;Аппарат Северо-Западного банка;1;3163476761
00000000000001422469;Северо-Западный банк;ГО по Санкт-Петербургу;1;20631633926
00000000000000672787;Поволжский банк;Оренбургское ГОСБ;2;7689878877
00000000000001757054;Поволжский банк;Саратовское ГОСБ;2;2368663421
00000000000001982536;Дальневосточный банк;Приморское ГОСБ;1;7761389297
00000000000001758609;Уральский банк;Челябинское ГОСБ;1;965478403
00000000000000341847;Сибирский банк;Алтайское ГОСБ;2;54344866
00000000000001737336;Уральский банк;Аппарат Уральского банка;1;24139221055
00000000000002236980;Центрально-Черноземный банк;Белгородское ГОСБ;2;9673541071
00000000000002212852;Московский банк;Управление МБ по работе с предприятиями промышленности;1;8356040877
00000000000001002903;Волго-Вятский банк;Пермское ГОСБ;1;0
00000000000001260398;Юго-Западный банк;Ростовское ГОСБ;1;24815795947
00000000000001762441;Московский банк;Управление МБ по работе с предприятиями сферы недвижимости;1;8878183519
00000000000002165044;Уральский банк;Свердловское ГОСБ;1;10487312133
00000000000001022599;Дальневосточный банк;Приморское ГОСБ;1;-4648426
00000000000000323920;Волго-Вятский банк;ГО по Нижегородской области;1;6946317350
00000000000001849596;Среднерусский банк;Аппарат Среднерусского банка;1;12059539414
00000000000000442299;Поволжский банк;Самарское ГОСБ;1;15699244054
00000000000002028214;Уральский банк;Челябинское ГОСБ;1;12057084611
00000000000000390265;Уральский банк;Башкирское ГОСБ;1;29647178281
00000000000002201173;Уральский банк;Свердловское ГОСБ;1;11726919394
00000000000001140880;Северо-Западный банк;ГО по Санкт-Петербургу;1;9566575239
00000000000001888403;Центрально-Черноземный банк;Липецкое ГОСБ;3;-2491844
00000000000002132471;Поволжский банк;Аппарат Поволжского банка;1;5088041842
00000000000002019188;Среднерусский банк;Калужское ГОСБ;3;24908282032
00000000000001949131;Юго-Западный банк;Краснодарское ГОСБ;1;6965994267
00000000000000333606;Волго-Вятский банк;Чувашское ГОСБ;3;0
00000000000000348087;Сибирский банк;Алтайское ГОСБ;2;1673621944
00000000000001922405;Поволжский банк;Самарское ГОСБ;1;27714886075
00000000000002114817;Московский банк;Управление МБ по работе с предприятиями торговли;1;9504998489
00000000000001554180;Дальневосточный банк;Приморское ГОСБ;1;10405826480
00000000000002204431;Уральский банк;Башкирское ГОСБ;1;28856430584
00000000000001979373;Юго-Западный банк;Ростовское ГОСБ;1;17159607813
00000000000001894748;Уральский банк;Челябинское ГОСБ;1;12518044583
00000000000000524821;Уральский банк;Югорское отделение;1;13453920700
00000000000002122504;Сибирский банк;Кемеровское ГОСБ;1;2965908834
00000000000001713470;Дальневосточный банк;Приморское ГОСБ;1;17322013794
00000000000001774143;Поволжский банк;Пензенское ГОСБ;3;20328569290
00000000000001224410;Уральский банк;Югорское отделение;1;10619827454
00000000000001967104;Уральский банк;Аппарат Уральского банка;1;29433461283
00000000000001207033;Уральский банк;Челябинское ГОСБ;1;23888549340
00000000000002000448;Московский банк;Управление МБ по работе с предприятиями транспорта;1;17364084187
00000000000001966796;Сибирский банк;Новосибирское ГОСБ;1;2282276365
00000000000000449880;Поволжский банк;Аппарат Поволжского банка;1;26598900662
00000000000002061912;Дальневосточный банк;Биробиджанское ГОСБ;5;17830481132
00000000000002156657;Поволжский банк;Волгоградское ГОСБ;2;3774347858
00000000000000339866;Волго-Вятский банк;Марий Эл ГОСБ;5;9032949784
00000000000000394425;Поволжский банк;Астраханское ГОСБ;4;-8610911
00000000000001833268;Центрально-Черноземный банк;Аппарат Центрально-Черноземного банка;1;6123539733
00000000000001062095;Волго-Вятский банк;Банк Татарстан ГОСБ;1;20146137043
00000000000000406761;Центрально-Черноземный банк;ГО по Воронежской области;1;17189792901
00000000000001860804;Уральский банк;Свердловское ГОСБ;1;7763496315
00000000000000960004;Среднерусский банк;Тверское ГОСБ;3;951420218
00000000000002118175;Дальневосточный банк;Приморское ГОСБ;1;24473473390
00000000000000288815;Дальневосточный банк;Благовещенское ГОСБ;3;17516833149
00000000000001134760;Байкальский банк;Иркутское ГОСБ;1;3437578881
00000000000000890867;Волго-Вятский банк;Пермское ГОСБ;1;10212356295
00000000000002133906;Московский банк;Управление МБ по работе с предприятиями сферы услуг;1;-4065685
00000000000001860548;Среднерусский банк;Южное ГОСБ;1;0
00000000000000916223;Юго-Западный банк;Калмыцкое ОСБ;5;7084399560
00000000000001906417;Юго-Западный банк;Краснодарское ГОСБ;1;24581962682
00000000000001753412;Московский банк;Управление МБ по работе с предприятиями сферы недвижимости;1;28645460281
00000000000001813657;Московский банк;Управление МБ по работе с предприятиями сферы недвижимости;1;13762093016
00000000000001072725;Юго-Западный банк;Ставропольское ГОСБ;1;5690053884
00000000000001002330;Дальневосточный банк;Хабаровское ГОСБ;2;-7161948
00000000000001024060;Уральский банк;Свердловское ГОСБ;1;4707811885
00000000000002135595;Северо-Западный банк;ГО по Санкт-Петербургу;1;12708120967
00000000000000465881;Байкальский банк;Читинское ГОСБ;3;17753265305
00000000000002012685;Среднерусский банк;Восточное ГОСБ;1;5622270531
00000000000001566028;Юго-Западный банк;Краснодарское ГОСБ;1;15796525765
00000000000000926545;Центрально-Черноземный банк;ГО по Воронежской области;1;11596825908
00000000000000365960;Среднерусский банк;Северное ГОСБ;1;29532932174
00000000000001442505;Уральский банк;Челябинское ГОСБ;1;29203708698
00000000000001897111;Уральский банк;Свердловское ГОСБ;1;-530721
00000000000001809734;Московский банк;Управление МБ по работе с предприятиями сферы услуг;1;12468065682
00000000000002209584;Уральский банк;Югорское отделение;1;2677530717
00000000000002174618;Дальневосточный банк;Приморское ГОСБ;1;-9206973
00000000000002195424;Дальневосточный банк;Приморское ГОСБ;1;5339995778
00000000000000320896;Волго-Вятский банк;ГО по Нижегородской области;1;20616921189
00000000000000685097;Северо-Западный банк;ГО по Санкт-Петербургу;1;21941834815
00000000000001465684;Центрально-Черноземный банк;Липецкое ГОСБ;3;3517030130
00000000000001900952;Волго-Вятский банк;ГО по Нижегородской области;1;-9713414
00000000000002065379;Дальневосточный банк;Хабаровское ГОСБ;2;20207902763
00000000000001082452;Московский банк;Управление МБ по работе с предприятиями торговли;1;-3523181
00000000000000319902;Волго-Вятский банк;Аппарат Волго-Вятского банка;1;10144919393
00000000000001724324;Дальневосточный банк;Аппарат Дальневосточного банка;1;15523435803
00000000000002003345;Северо-Западный банк;ГО по Санкт-Петербургу;1;9200486209
00000000000000317780;Волго-Вятский банк;ГО по Нижегородской области;1;20481036252
00000000000000399207;Центрально-Черноземный банк;Липецкое ГОСБ;3;0
00000000000001006279;Юго-Западный банк;Карачаево-Черкесское ОСБ;5;13572890778
00000000000001510522;Московский банк;Управление МБ по работе с предприятиями торговли;1;14106054407
00000000000002015455;Северо-Западный банк;Аппарат Северо-Западного банка;1;21441954507
00000000000000894694;Юго-Западный банк;Ростовское ГОСБ;1;25247097987
00000000000000415812;Центрально-Черноземный банк;ГО по Воронежской области;1;-5324098
00000000000001406270;Юго-Западный банк;Чеченское ОСБ;5;24232973283
00000000000001451750;Среднерусский банк;Восточное ГОСБ;1;880209563
00000000000001025464;Байкальский банк;Читинское ГОСБ;3;0
00000000000001998322;Московский банк;Управление МБ по работе с предприятиями транспорта;1;27454411362
00000000000000446556;Московский банк;Управление МБ по работе с предприятиями инфраструктуры;1;-5523353
00000000000001723695;Среднерусский банк;Тверское ГОСБ;3;0
00000000000001982771;Уральский банк;Башкирское ГОСБ;1;0
00000000000001485638;Московский банк;Управление МБ по работе с предприятиями промышленности;1;-3837906
00000000000002067688;Центрально-Черноземный банк;ГО по Воронежской области;1;15007540044
00000000000000937018;Байкальский банк;Бурятское ГОСБ;4;19646707859
00000000000002003726;Северо-Западный банк;ГО по Санкт-Петербургу;1;1579667819
00000000000001526427;Среднерусский банк;Южное ГОСБ;1;-9934936
00000000000000707419;Северо-Западный банк;ГО по Ленинградской области;2;18891741211
00000000000001612364;Московский банк;Управление МБ по работе с предприятиями инфраструктуры;1;27354867141
00000000000000938858;Уральский банк;Свердловское ГОСБ;1;0
00000000000001701199;Сибирский банк;Красноярское ГОСБ;1;9136040204
00000000000001727683;Центрально-Черноземный банк;ГО по Луганской Народной Республике;5;797296076
00000000000000924848;Московский банк;Управление МБ по работе с предприятиями торговли;1;1626272731
00000000000000274511;Сибирский банк;Красноярское ГОСБ;1;971123103
00000000000000410085;Центрально-Черноземный банк;Белгородское ГОСБ;2;21956402577
00000000000001785512;Юго-Западный банк;Аппарат Юго-Западного банка;1;0
00000000000000417249;Уральский банк;Челябинское ГОСБ;1;15617802954
00000000000002021884;Среднерусский банк;Северное ГОСБ;1;18372756257
00000000000000368781;Среднерусский банк;Южное ГОСБ;1;596412661
00000000000001764720;Среднерусский банк;Костромское ГОСБ;4;839400433
00000000000001353900;Центрально-Черноземный банк;ГО по Воронежской области;1;14325656501
00000000000001793017;Байкальский банк;Иркутское ГОСБ;1;-9644197
00000000000001960193;Дальневосточный банк;Приморское ГОСБ;1;12823076183
00000000000001785665;Среднерусский банк;Западное ГОСБ;1;8381151290
00000000000001709217;Московский банк;Управление МБ по работе с предприятиями инфраструктуры;1;26149839289
00000000000000328247;Волго-Вятский банк;Банк Татарстан ГОСБ;1;26870275854
00000000000001680328;Северо-Западный банк;ГО по Санкт-Петербургу;1;16508290949
00000000000000413655;Центрально-Черноземный банк;Белгородское ГОСБ;2;3945736539
00000000000000380060;Уральский банк;Челябинское ГОСБ;1;15260383221
00000000000002088253;Московский банк;Управление МБ по работе с предприятиями сферы услуг;1;0
00000000000001807208;Волго-Вятский банк;Удмуртское ГОСБ;2;20269996788
00000000000001830405;Волго-Вятский банк;Владимирское ГОСБ;3;10181709545
00000000000002031267;Северо-Западный банк;ГО по Санкт-Петербургу;1;10993064344
00000000000000865536;Поволжский банк;Ульяновское ГОСБ;3;20984463911
00000000000000370963;Среднерусский банк;Аппарат Среднерусского банка;1;24083795826
00000000000001133564;Среднерусский банк;Восточное ГОСБ;1;12942176700
00000000000000953458;Волго-Вятский банк;Банк Татарстан ГОСБ;1;16786943154
00000000000002064396;Юго-Западный банк;Краснодарское ГОСБ;1;6247388867
00000000000000453531;Поволжский банк;Саратовское ГОСБ;2;9736119241
00000000000001293678;Среднерусский банк;Восточное ГОСБ;1;0
00000000000001455420;Среднерусский банк;Тульское ГОСБ;2;0
00000000000001973549;Волго-Вятский банк;Банк Татарстан ГОСБ;1;19199888426
00000000000001535256;Уральский банк;Свердловское ГОСБ;1;-7538108
00000000000001263727;Северо-Западный банк;Карельское ГОСБ;4;7630773227
00000000000000418994;Уральский банк;Челябинское ГОСБ;1;1536312750
00000000000000881310;Среднерусский банк;Восточное ГОСБ;1;10950471467
00000000000000043775;Московский банк;Управление МБ по работе с предприятиями промышленности;1;-1480529
00000000000000328808;Волго-Вятский банк;ГО по Нижегородской области;1;27594729640
00000000000000410591;Центрально-Черноземный банк;Белгородское ГОСБ;2;26953166866
00000000000001753562;Московский банк;Управление МБ по работе с предприятиями промышленности;1;11527804377
00000000000000866551;Юго-Западный банк;Ставропольское ГОСБ;1;2703509375
00000000000000874003;Среднерусский банк;Ивановское ГОСБ;4;6737824384
00000000000002024215;Среднерусский банк;Аппарат Среднерусского банка;1;7315045325
00000000000002233905;Дальневосточный банк;Хабаровское ГОСБ;2;11829774789
00000000000000908424;Поволжский банк;Саратовское ГОСБ;2;8576244305
00000000000001104279;Волго-Вятский банк;Банк Татарстан ГОСБ;1;3238311181
00000000000000681538;Северо-Западный банк;Калининградское ГОСБ;3;12493666114
00000000000000699981;Северо-Западный банк;Псковское ГОСБ;4;25399986422
00000000000001973667;Северо-Западный банк;ГО по Ленинградской области;2;0
00000000000000363866;Среднерусский банк;Калужское ГОСБ;3;-2238176
00000000000000101471;Уральский банк;Аппарат Уральского банка;1;21015869748
00000000000000333098;Волго-Вятский банк;Банк Татарстан ГОСБ;1;10288945935
00000000000002162624;Юго-Западный банк;Ростовское ГОСБ;1;5309794180
00000000000000092751;Уральский банк;Югорское отделение;1;28468271849
00000000000000347799;Сибирский банк;Алтайское ГОСБ;2;4894816650
00000000000000332660;Волго-Вятский банк;Аппарат Волго-Вятского банка;1;5295476654
00000000000001100521;Юго-Западный банк;ГО по Донецкой Народной Республике;5;19346726623
00000000000001949655;Юго-Западный банк;Краснодарское ГОСБ;1;21779792156
00000000000000412925;Центрально-Черноземный банк;Тамбовское ГОСБ;4;-1546535
00000000000001148723;Волго-Вятский банк;Пермское ГОСБ;1;-8289070
00000000000001675296;Московский банк;Управление МБ по работе с предприятиями торговли;1;2502881500
00000000000002135028;Северо-Западный банк;Вологодское ГОСБ;3;22496071972
00000000000000131351;Байкальский банк;Читинское ГОСБ;3;25547226448
00000000000001797872;Волго-Вятский банк;Владимирское ГОСБ;3;21773928828
00000000000002019924;Московский банк;Управление МБ по работе с предприятиями сферы услуг;1;9256787195
00000000000000041097;Среднерусский банк;Южное ГОСБ;1;5346727047
00000000000001549734;Юго-Западный банк;Краснодарское ГОСБ;1;28430817434
00000000000000401849;Центрально-Черноземный банк;ГО по Воронежской области;1;7099026961
00000000000000877787;Байкальский банк;Читинское ГОСБ;3;21515030071
00000000000000367552;Среднерусский банк;Аппарат территориального банка;0;23980009658
00000000000000905027;Дальневосточный банк;Благовещенское ГОСБ;3;22357867608
00000000000000768976;Юго-Западный банк;Краснодарское ГОСБ;1;0
00000000000001806112;Среднерусский банк;Аппарат Среднерусского банка;1;11021248154
00000000000001200446;Сибирский банк;Омское ГОСБ;2;26983233554
00000000000002224292;Центрально-Черноземный банк;Белгородское ГОСБ;2;-1245531
00000000000001596683;Байкальский банк;Читинское ГОСБ;3;17157569230
00000000000000949884;Юго-Западный банк;Адыгейское ГОСБ;5;-9006780
00000000000001022021;Байкальский банк;Иркутское ГОСБ;1;9051528831
00000000000002082074;Дальневосточный банк;Хабаровское ГОСБ;2;17628627825
00000000000001066586;Сибирский банк;Красноярское ГОСБ;1;27933310485
00000000000000793789;Волго-Вятский банк;Пермское ГОСБ;1;0
00000000000001862030;Сибирский банк;Аппарат Сибирского банка;1;3453993114
00000000000000451615;Поволжский банк;Саратовское ГОСБ;2;21595328650
00000000000002017153;Юго-Западный банк;Ростовское ГОСБ;1;13569563684
00000000000001698284;Северо-Западный банк;ГО по Санкт-Петербургу;1;24390066833
00000000000000962986;Центрально-Черноземный банк;ГО по Воронежской области;1;27972074788
00000000000000041677;Московский банк;Управление МБ по работе с предприятиями сферы услуг;1;12696906733
00000000000001863123;Московский банк;Управление МБ по работе с предприятиями сферы услуг;1;18822588098
00000000000000906113;Поволжский банк;Волгоградское ГОСБ;2;26456445644
00000000000002106815;Среднерусский банк;Южное ГОСБ;1;24546564905
00000000000001738342;Уральский банк;Аппарат Уральского банка;1;-8948862
00000000000002217716;Поволжский банк;Волгоградское ГОСБ;2;17350981598
00000000000001949511;Среднерусский банк;Южное ГОСБ;1;17539960628
00000000000000808523;Волго-Вятский банк;Пермское ГОСБ;1;29132567445
00000000000001013326;Центрально-Черноземный банк;ГО по Воронежской области;1;9771629418
00000000000001461938;Юго-Западный банк;Ростовское ГОСБ;1;8099664188
00000000000001347822;Московский банк;Управление МБ по работе с предприятиями торговли;1;-9738975
00000000000000814760;Среднерусский банк;Западное ГОСБ;1;23964872778
00000000000001648564;Уральский банк;Свердловское ГОСБ;1;29921174601
00000000000000955348;Центрально-Черноземный банк;Тамбовское ГОСБ;4;11130471974
00000000000001263559;Волго-Вятский банк;Банк Татарстан ГОСБ;1;20209149003
00000000000001565019;Московский банк;Управление МБ по работе с предприятиями торговли;1;9210995176
00000000000000701219;Северо-Западный банк;ГО по Санкт-Петербургу;1;10297552469
00000000000000974418;Волго-Вятский банк;Банк Татарстан ГОСБ;1;3490437766
00000000000001472350;Московский банк;Управление МБ по работе с предприятиями инфраструктуры;1;0
00000000000001809722;Поволжский банк;Самарское ГОСБ;1;948944273
00000000000001795542;Среднерусский банк;Западное ГОСБ;1;10125481572
00000000000001784741;Среднерусский банк;Брянское ГОСБ;3;-7773069
00000000000001862836;Московский банк;Управление МБ по работе с предприятиями сферы недвижимости;1;7473589268
00000000000000403422;Среднерусский банк;Аппарат Среднерусского банка;1;27725475009
00000000000000698475;Северо-Западный банк;Псковское ГОСБ;4;16116406573
00000000000000127704;Байкальский банк;Читинское ГОСБ;3;4146418140
00000000000000623969;Среднерусский банк;Рязанское ГОСБ;3;7660945508
00000000000001448045;Северо-Западный банк;ГО по Санкт-Петербургу;1;22108881525
00000000000002011511;Среднерусский банк;Южное ГОСБ;1;10235699314
00000000000000973746;Среднерусский банк;Южное ГОСБ;1;7664918440
00000000000000366485;Среднерусский банк;Южное ГОСБ;1;1317929372
00000000000000414605;Центрально-Черноземный банк;Тамбовское ГОСБ;4;12301660463
00000000000000410061;Центрально-Черноземный банк;Белгородское ГОСБ;2;25553654984
00000000000001289142;Центрально-Черноземный банк;Белгородское ГОСБ;2;24160563767
00000000000000450631;Поволжский банк;Саратовское ГОСБ;2;12921851754
00000000000001792332;Северо-Западный банк;Калининградское ГОСБ;3;17562627953
00000000000002241318;Сибирский банк;Новосибирское ГОСБ;1;0
00000000000000297752;Московский банк;Управление МБ по работе с предприятиями сферы недвижимости;1;756060138
00000000000001667666;Среднерусский банк;Ярославское ГОСБ;2;-8703280
00000000000002075757;Среднерусский банк;Ярославское ГОСБ;2;-8383620
00000000000001558183;Северо-Западный банк;ГО по Санкт-Петербургу;1;1253159034
00000000000002008538;Московский банк;Управление МБ по работе с предприятиями промышленности;1;28365826699
00000000000002187238;Юго-Западный банк;ГО по Донецкой Народной Республике;5;1801892680
00000000000000385475;Уральский банк;Челябинское ГОСБ;1;-7284701
00000000000002219335;Среднерусский банк;Брянское ГОСБ;3;4973722754
00000000000000125458;Байкальский банк;Иркутское ГОСБ;1;23621241877
00000000000000795146;Московский банк;Управление МБ по работе с предприятиями инфраструктуры;1;13329929201
00000000000001288719;Центрально-Черноземный банк;Тамбовское ГОСБ;4;-4801765
00000000000001625962;Уральский банк;Югорское отделение;1;-6620588
00000000000001073622;Байкальский банк;Бурятское ГОСБ;4;7975397216
00000000000002247696;Сибирский банк;Новосибирское ГОСБ;1;11476413064
00000000000001981980;Среднерусский банк;Восточное ГОСБ;1;-175999
00000000000001575377;Юго-Западный банк;Краснодарское ГОСБ;1;11880310103
00000000000000800168;Волго-Вятский банк;Пермское ГОСБ;1;1195604665
00000000000001904686;Московский банк;Управление МБ по работе с предприятиями инфраструктуры;1;10900076775
00000000000000367817;Среднерусский банк;Тульское ГОСБ;2;-4835968
00000000000001101411;Среднерусский банк;Ивановское ГОСБ;4;10107588334
00000000000001320550;Уральский банк;Свердловское ГОСБ;1;24829380800
00000000000000876003;Дальневосточный банк;Аппарат Дальневосточного банка;1;21882897092
00000000000001856901;Уральский банк;Челябинское ГОСБ;1;26553659917
00000000000001730560;Поволжский банк;Самарское ГОСБ;1;6140342805
00000000000001120496;Московский банк;Управление МБ по работе с предприятиями транспорта;1;1209024629
00000000000001606645;Московский банк;Управление МБ по работе с предприятиями транспорта;1;808004997
00000000000000297797;Северо-Западный банк;Вологодское ГОСБ;3;12406476239
00000000000001201405;Поволжский банк;Волгоградское ГОСБ;2;9440880099
00000000000001667097;Среднерусский банк;Северное ГОСБ;1;1903241489
00000000000000442139;Поволжский банк;Самарское ГОСБ;1;26846300650
00000000000001061768;Московский банк;Управление МБ по работе с предприятиями сферы недвижимости;1;15545912632
00000000000000706815;Северо-Западный банк;ГО по Ленинградской области;2;13168371139
00000000000002088292;Уральский банк;Башкирское ГОСБ;1;0
00000000000002193557;Московский банк;Управление МБ по работе с предприятиями торговли;1;9903978122
00000000000001888840;Юго-Западный банк;Карачаево-Черкесское ОСБ;5;7696698190
00000000000001603845;Волго-Вятский банк;Аппарат Волго-Вятского банка;1;26472060583
00000000000002175669;Среднерусский банк;Костромское ГОСБ;4;4147169370
00000000000002009640;Центрально-Черноземный банк;ГО по Воронежской области;1;1257728378
00000000000001338311;Северо-Западный банк;Вологодское ГОСБ;3;2043133143
00000000000000815054;Уральский банк;Башкирское ГОСБ;1;26118944720
00000000000001142205;Уральский банк;Ямало-Ненецкое отделение;4;12209408229
00000000000002175973;Юго-Западный банк;Краснодарское ГОСБ;1;16855613021
00000000000002159101;Сибирский банк;Томское ГОСБ;4;16412282709
00000000000001825971;Центрально-Черноземный банк;Липецкое ГОСБ;3;13142983816
00000000000000461613;Поволжский банк;Волгоградское ГОСБ;2;-3278850
00000000000001866781;Юго-Западный банк;Ростовское ГОСБ;1;28912146458
00000000000001781643;Дальневосточный банк;Аппарат Дальневосточного банка;1;15211984034
00000000000000878747;Поволжский банк;Волгоградское ГОСБ;2;12621560539
00000000000000274595;Сибирский банк;Абаканское ГОСБ;5;10162519430
00000000000001325324;Уральский банк;Свердловское ГОСБ;1;12144579732
00000000000001767432;Юго-Западный банк;Краснодарское ГОСБ;1;-4257611
00000000000000460108;Среднерусский банк;Северное ГОСБ;1;25472496338
00000000000001454565;Уральский банк;Челябинское ГОСБ;1;28966268810
00000000000001603024;Московский банк;Управление МБ по работе с предприятиями торговли;1;10757484186
00000000000001812828;Московский банк;Управление МБ по работе с предприятиями промышленности;1;5208315182
00000000000001984710;Северо-Западный банк;Калининградское ГОСБ;3;7707491
00000000000000893257;Юго-Западный банк;Краснодарское ГОСБ;1;6462327790
00000000000001608299;Байкальский банк;Бурятское ГОСБ;4;21116946028
00000000000001836943;Дальневосточный банк;Приморское ГОСБ;1;-4384165
00000000000000099271;Уральский банк;Югорское отделение;1;21569479876
00000000000001755960;Среднерусский банк;Аппарат Среднерусского банка;1;20002050283
00000000000000675967;Северо-Западный банк;Калининградское ГОСБ;3;24872091506
00000000000000109940;Уральский банк;Западно-Сибирское ГОСБ;2;15699076270
00000000000001983478;Северо-Западный банк;ГО по Санкт-Петербургу;1;24709489636
00000000000001630692;Северо-Западный банк;ГО по Ленинградской области;2;-5665577
00000000000002241171;Московский банк;Управление МБ по работе с предприятиями торговли;1;11161672261
00000000000001041207;Юго-Западный банк;Аппарат Юго-Западного банка;1;24492261274
00000000000001601723;Юго-Западный банк;Краснодарское ГОСБ;1;-705730
00000000000002180006;Поволжский банк;Волгоградское ГОСБ;2;10974817304
00000000000000760992;Юго-Западный банк;Аппарат Юго-Западного банка;1;20731295913
00000000000001809687;Московский банк;Управление МБ по работе с предприятиями транспорта;1;2850485349
00000000000000560712;Северо-Западный банк;ГО по Санкт-Петербургу;1;18332931441
00000000000001918754;Юго-Западный банк;Ростовское ГОСБ;1;20580666456
00000000000001331258;Московский банк;Управление МБ по работе с предприятиями торговли;1;16906946354
00000000000000517591;Дальневосточный банк;Южно-Сахалинское ГОСБ;3;-4656684
00000000000000332480;Волго-Вятский банк;Банк Татарстан ГОСБ;1;15752995090
00000000000000452132;Поволжский банк;Самарское ГОСБ;1;-7301042
00000000000002186479;Центрально-Черноземный банк;ГО по Луганской Народной Республике;5;22254654821
00000000000000943788;Волго-Вятский банк;Удмуртское ГОСБ;2;12958102927
00000000000000294215;Северо-Западный банк;Вологодское ГОСБ;3;17508947072
00000000000001518643;Северо-Западный банк;ГО по Санкт-Петербургу;1;29092284972
00000000000001064805;Среднерусский банк;Калужское ГОСБ;3;-4908739
00000000000000941777;Уральский банк;Свердловское ГОСБ;1;1850784878
00000000000001959363;Юго-Западный банк;Ростовское ГОСБ;1;3802926038
00000000000000863281;Московский банк;Управление МБ по работе с предприятиями сферы услуг;1;27695841388
00000000000001079058;Поволжский банк;Самарское ГОСБ;1;0
00000000000001198162;Юго-Западный банк;Ростовское ГОСБ;1;22328452748
00000000000001826320;Волго-Вятский банк;Банк Татарстан ГОСБ;1;6358247088
00000000000001750925;Среднерусский банк;Южное ГОСБ;1;23021279615
00000000000001006959;Московский банк;Управление МБ по работе с предприятиями торговли;1;29496484590
00000000000001838225;Московский банк;Управление МБ по работе с предприятиями торговли;1;-5589631
00000000000002123203;Северо-Западный банк;Карельское ГОСБ;4;21612054304
00000000000000954748;Среднерусский банк;Калужское ГОСБ;3;5134834186
00000000000000346777;Сибирский банк;Алтайское ГОСБ;2;25642884156
00000000000000456876;Поволжский банк;Саратовское ГОСБ;2;-7590329
00000000000001849687;Центрально-Черноземный банк;ГО по Воронежской области;1;19872687461
00000000000000907076;Среднерусский банк;Тульское ГОСБ;2;28508709767
00000000000001363270;Уральский банк;Западно-Сибирское ГОСБ;2;17965091808
00000000000001310788;Волго-Вятский банк;Пермское ГОСБ;1;3902159079
00000000000001425877;Московский банк;Управление МБ по работе с предприятиями сферы услуг;1;24170867263
00000000000001210173;Среднерусский банк;Аппарат Среднерусского банка;1;113130964
00000000000001851259;Поволжский банк;Самарское ГОСБ;1;19623044650
00000000000000310300;Юго-Западный банк;Северо-Осетинское ОСБ;5;17340439193
00000000000000586696;Сибирский банк;Томское ГОСБ;4;26285526064
00000000000001586274;Московский банк;Управление МБ по работе с предприятиями торговли;1;17501604981
00000000000001198490;Дальневосточный банк;Северо-Восточное ГОСБ;5;26819216308
00000000000001140339;Северо-Западный банк;ГО по Санкт-Петербургу;1;19795897378
00000000000002245987;Среднерусский банк;Рязанское ГОСБ;3;25465037504
00000000000000768942;Юго-Западный банк;Краснодарское ГОСБ;1;-370286
00000000000002030596;Юго-Западный банк;Краснодарское ГОСБ;1;17368691924
00000000000001552677;Уральский банк;Западно-Сибирское ГОСБ;2;-628961
00000000000002064416;Московский банк;Управление МБ по работе с предприятиями инфраструктуры;1;27440475268
00000000000000297289;Северо-Западный банк;Архангельское ГОСБ;2;5344788220
00000000000001345845;Поволжский банк;Самарское ГОСБ;1;5376148071
00000000000002172896;Центрально-Черноземный банк;ГО по Воронежской области;1;23761170686
00000000000000371281;Среднерусский банк;Брянское ГОСБ;3;28817168939
00000000000001688727;Московский банк;Управление МБ по работе с предприятиями сферы услуг;1;13314794213
00000000000001421203;Центрально-Черноземный банк;Тамбовское ГОСБ;4;12344426490
00000000000002116731;Северо-Западный банк;ГО по Ленинградской области;2;24052962997
00000000000000025477;Московский банк;Управление МБ по работе с предприятиями промышленности;1;-7542737
00000000000000754345;Московский банк;Управление МБ по работе с предприятиями сферы недвижимости;1;4504868072
00000000000001121557;Юго-Западный банк;ГО по Республике Крым;5;3492886368
00000000000001771876;Волго-Вятский банк;Аппарат Волго-Вятского банка;1;0
00000000000001992704;Московский банк;Управление МБ по работе с предприятиями транспорта;1;22781714951
00000000000000775403;Юго-Западный банк;Краснодарское ГОСБ;1;24846446434
00000000000000774937;Северо-Западный банк;ГО по Санкт-Петербургу;1;5133153058
00000000000002080960;Среднерусский банк;Рязанское ГОСБ;3;28495828112
00000000000001204611;Северо-Западный банк;Аппарат Северо-Западного банка;1;27656387457
00000000000001209268;Среднерусский банк;Тверское ГОСБ;3;12740141293
00000000000002008389;Среднерусский банк;Южное ГОСБ;1;25112329427
00000000000001720699;Среднерусский банк;Западное ГОСБ;1;-4825494
00000000000001664881;Среднерусский банк;Западное ГОСБ;1;973505284
00000000000001790884;Московский банк;Управление МБ по работе с предприятиями транспорта;1;18353714918
00000000000001368617;Северо-Западный банк;Вологодское ГОСБ;3;17350451348
00000000000001601466;Центрально-Черноземный банк;ГО по Воронежской области;1;26494380502
00000000000002017212;Уральский банк;Челябинское ГОСБ;1;16120919076
00000000000001129537;Среднерусский банк;Северное ГОСБ;1;-6744771
00000000000001858979;Юго-Западный банк;Краснодарское ГОСБ;1;19391171238
00000000000001110462;Северо-Западный банк;Вологодское ГОСБ;3;7677018462
00000000000001483268;Московский банк;Управление МБ по работе с предприятиями сферы услуг;1;26344021384
00000000000000796079;Северо-Западный банк;Аппарат Северо-Западного банка;1;17679042321
00000000000000344875;Сибирский банк;Томское ГОСБ;4;7825773251
00000000000001593169;Московский банк;Управление МБ по работе с предприятиями сферы недвижимости;1;27623379353
00000000000002241038;Среднерусский банк;Костромское ГОСБ;4;22803999153
00000000000001160980;Московский банк;Управление МБ по работе с предприятиями инфраструктуры;1;16578768933
00000000000000673387;Сибирский банк;Новосибирское ГОСБ;1;3687767523
00000000000000345727;Сибирский банк;Алтайское ГОСБ;2;3268921176
00000000000001299114;Северо-Западный банк;ГО по Санкт-Петербургу;1;5541176451
00000000000002231692;Байкальский банк;Иркутское ГОСБ;1;24729147977
00000000000001792587;Среднерусский банк;Северное ГОСБ;1;3715520420
00000000000000897050;Московский банк;Управление МБ по работе с предприятиями промышленности;1;23105674919
00000000000002185796;Сибирский банк;Красноярское ГОСБ;1;10259166773
00000000000001573204;Юго-Западный банк;ГО по Республике Крым;5;13237463438
00000000000001485516;Московский банк;Управление МБ по работе с предприятиями транспорта;1;17478933217
00000000000002138252;Сибирский банк;Новосибирское ГОСБ;1;0
00000000000000493136;Волго-Вятский банк;ГО по Нижегородской области;1;18031734908
00000000000000888532;Сибирский банк;Алтайское ГОСБ;2;0
00000000000001896720;Среднерусский банк;Северное ГОСБ;1;26385874109
00000000000000401702;Центрально-Черноземный банк;ГО по Воронежской области;1;5221884439
00000000000002091086;Волго-Вятский банк;Владимирское ГОСБ;3;5647137102
00000000000000811969;Северо-Западный банк;Новгородское ГОСБ;4;7709775132
00000000000000328957;Волго-Вятский банк;Банк Татарстан ГОСБ;1;27599422878
00000000000001581146;Центрально-Черноземный банк;Аппарат Центрально-Черноземного банка;1;23821411375
00000000000000885790;Среднерусский банк;Костромское ГОСБ;4;-2294604
00000000000001314811;Уральский банк;Аппарат Уральского банка;1;26724364551
00000000000002131199;Юго-Западный банк;Ростовское ГОСБ;1;8724758907
00000000000000851820;Северо-Западный банк;ГО по Санкт-Петербургу;1;8571280392
00000000000000421220;Уральский банк;Челябинское ГОСБ;1;9966558424
00000000000000875941;Волго-Вятский банк;Банк Татарстан ГОСБ;1;8009231380
00000000000002201067;Северо-Западный банк;Калининградское ГОСБ;3;14523485636
00000000000001368703;Среднерусский банк;Восточное ГОСБ;1;8158989983
00000000000000400863;Центрально-Черноземный банк;Курское ГОСБ;4;10351798766
00000000000001449416;Поволжский банк;Самарское ГОСБ;1;21452951938
00000000000000274116;Сибирский банк;Абаканское ГОСБ;5;8528573618
00000000000000373460;Среднерусский банк;Северное ГОСБ;1;-8169007
00000000000001433933;Сибирский банк;Новосибирское ГОСБ;1;6326153597
00000000000001883475;Московский банк;Управление МБ по работе с предприятиями торговли;1;2893532606
00000000000000408142;Центрально-Черноземный банк;Липецкое ГОСБ;3;15007050290
00000000000001710785;Волго-Вятский банк;Аппарат Волго-Вятского банка;1;-3255976
00000000000002214801;Среднерусский банк;Тульское ГОСБ;2;11688916259
00000000000000681757;Северо-Западный банк;Калининградское ГОСБ;3;7977050122
00000000000001994643;Уральский банк;Аппарат Уральского банка;1;12925389034
00000000000000776774;Юго-Западный банк;Ростовское ГОСБ;1;29429719365
00000000000002029575;Северо-Западный банк;ГО по Ленинградской области;2;17608125019
00000000000000395455;Поволжский банк;Самарское ГОСБ;1;8123186841
00000000000000673267;Юго-Западный банк;Ставропольское ГОСБ;1;25214185164
00000000000000957099;Уральский банк;Аппарат Уральского банка;1;0
00000000000000332280;Волго-Вятский банк;Чувашское ГОСБ;3;20486346581
00000000000001629910;Уральский банк;Западно-Сибирское ГОСБ;2;7963532601
00000000000002037345;Юго-Западный банк;Ставропольское ГОСБ;1;4776593823
00000000000000899143;Уральский банк;Башкирское ГОСБ;1;13649259154
00000000000001765616;Московский банк;Управление МБ по работе с предприятиями транспорта;1;11569461901
00000000000001213498;Поволжский банк;Самарское ГОСБ;1;5789080364
00000000000000309014;Юго-Западный банк;Северо-Осетинское ОСБ;5;3920197045
00000000000002218484;Московский банк;Управление МБ по работе с предприятиями торговли;1;-6058246
00000000000000406654;Центрально-Черноземный банк;ГО по Воронежской области;1;16982612719
00000000000001315029;Центрально-Черноземный банк;Тамбовское ГОСБ;4;16162258544
00000000000002238328;Среднерусский банк;Южное ГОСБ;1;13542662382
00000000000002238337;Московский банк;Управление МБ по работе с предприятиями сферы услуг;1;24244647966
00000000000001940838;Дальневосточный банк;Приморское ГОСБ;1;9353379590
00000000000001850543;Московский банк;Аппарат территориального банка;0;-927796
00000000000000926333;Уральский банк;Свердловское ГОСБ;1;13183684919
00000000000000952881;Сибирский банк;Красноярское ГОСБ;1;24808840756
00000000000001984174;Байкальский банк;Бурятское ГОСБ;4;-9447924
00000000000001507213;Центрально-Черноземный банк;ГО по Воронежской области;1;-5811199
00000000000001100832;Московский банк;Управление МБ по работе с предприятиями промышленности;1;6099276885
00000000000000931857;Уральский банк;Свердловское ГОСБ;1;24543252862
00000000000001281788;Центрально-Черноземный банк;Аппарат Центрально-Черноземного банка;1;2551463745
00000000000001623399;Юго-Западный банк;Краснодарское ГОСБ;1;1330576856
00000000000002189782;Северо-Западный банк;ГО по Санкт-Петербургу;1;-9573715
00000000000000456350;Поволжский банк;Саратовское ГОСБ;2;7312805123
00000000000000128312;Байкальский банк;Аппарат Байкальского Банка;1;25591300023
00000000000001754989;Дальневосточный банк;Приморское ГОСБ;1;1852310826
00000000000000293247;Северо-Западный банк;Вологодское ГОСБ;3;26307346532
00000000000001004658;Байкальский банк;Иркутское ГОСБ;1;0
00000000000000615849;Среднерусский банк;Смоленское ГОСБ;4;17599706039
00000000000002131562;Уральский банк;Свердловское ГОСБ;1;4369015277
00000000000001501243;Уральский банк;Свердловское ГОСБ;1;11471940926
00000000000000701512;Северо-Западный банк;ГО по Санкт-Петербургу;1;20351914771
00000000000001370746;Юго-Западный банк;ГО по Республике Крым;5;5448546435
00000000000000893888;Среднерусский банк;Южное ГОСБ;1;-9206216
00000000000002005552;Дальневосточный банк;Хабаровское ГОСБ;2;21005379343
00000000000002079791;Московский банк;Управление МБ по работе с предприятиями инфраструктуры;1;-5580637
00000000000002093612;Волго-Вятский банк;ГО по Нижегородской области;1;17044233235
00000000000001378623;Уральский банк;Свердловское ГОСБ;1;1035785723
00000000000000021336;Московский банк;Управление МБ по работе с предприятиями торговли;1;23352069015
00000000000002148500;Среднерусский банк;Северное ГОСБ;1;23376524822
00000000000000821241;Среднерусский банк;Северное ГОСБ;1;0
00000000000000018493;Московский банк;Управление МБ по работе с предприятиями сферы недвижимости;1;19538213988
00000000000001433221;Уральский банк;Челябинское ГОСБ;1;-5662415
00000000000000406065;Центрально-Черноземный банк;ГО по Воронежской области;1;29265398236
00000000000000850042;Московский банк;Управление МБ по работе с предприятиями инфраструктуры;1;28217491355
00000000000000328522;Волго-Вятский банк;Банк Татарстан ГОСБ;1;5741711954
00000000000001935623;Московский банк;Управление МБ по работе с предприятиями торговли;1;-6569502
00000000000000037964;Московский банк;Управление МБ по работе с предприятиями сферы недвижимости;1;19689491524
00000000000000707334;Северо-Западный банк;ГО по Ленинградской области;2;-2004640
00000000000001501732;Северо-Западный банк;ГО по Ленинградской области;2;0
00000000000000387270;Уральский банк;Свердловское ГОСБ;1;17966833284
00000000000002034660;Среднерусский банк;Ярославское ГОСБ;2;26392050410
00000000000002162207;Северо-Западный банк;Псковское ГОСБ;4;25375280969
00000000000000389660;Уральский банк;Аппарат Уральского банка;1;15833434434
00000000000000412993;Центрально-Черноземный банк;Курское ГОСБ;4;27594743337
00000000000001907093;Сибирский банк;Аппарат Сибирского банка;1;16194791347
00000000000000933757;Московский банк;Управление МБ по работе с предприятиями промышленности;1;21262571978
00000000000000933092;Северо-Западный банк;Аппарат Северо-Западного банка;1;3757678355
00000000000001779548;Уральский банк;Западно-Сибирское ГОСБ;2;19841786833
00000000000002132248;Дальневосточный банк;Приморское ГОСБ;1;4455354450
00000000000001334083;Северо-Западный банк;Архангельское ГОСБ;2;-1770782
00000000000000446034;Поволжский банк;Аппарат Поволжского банка;1;24753941794
00000000000000334869;Волго-Вятский банк;Чувашское ГОСБ;3;18267975767
00000000000000387695;Уральский банк;Свердловское ГОСБ;1;18822590086
00000000000000293869;Московский банк;Управление МБ по работе с предприятиями промышленности;1;17041546379
00000000000000611907;Среднерусский банк;Северное ГОСБ;1;2160754428
00000000000000099019;Уральский банк;Югорское отделение;1;17142147117
00000000000001970820;Поволжский банк;Самарское ГОСБ;1;-4440434
00000000000000763171;Юго-Западный банк;Ростовское ГОСБ;1;-153524
00000000000001813416;Поволжский банк;Оренбургское ГОСБ;2;5068707534
00000000000001813916;Волго-Вятский банк;ГО по Нижегородской области;1;18407238508
00000000000000961035;Северо-Западный банк;Аппарат Северо-Западного банка;1;28438895969
00000000000001586884;Сибирский банк;Томское ГОСБ;4;-7118868
00000000000000679832;Северо-Западный банк;ГО по Санкт-Петербургу;1;4513063919
00000000000000875727;Московский банк;Управление МБ по работе с предприятиями инфраструктуры;1;25386327830
00000000000001652159;Московский банк;Управление МБ по работе с предприятиями промышленности;1;5158538588
00000000000000627901;Среднерусский банк;Тверское ГОСБ;3;15498924353
00000000000001153057;Волго-Вятский банк;Аппарат Волго-Вятского банка;1;27106300736
00000000000000851744;Уральский банк;Аппарат Уральского банка;1;-4591812
00000000000000859373;Уральский банк;Свердловское ГОСБ;1;28816753374
00000000000001135228;Волго-Вятский банк;Удмуртское ГОСБ;2;13307747600
00000000000000819032;Юго-Западный банк;Краснодарское ГОСБ;1;-6446565
00000000000001694016;Юго-Западный банк;Краснодарское ГОСБ;1;13214879038
00000000000001719359;Московский банк;Управление МБ по работе с предприятиями транспорта;1;29650757203
00000000000001871398;Байкальский банк;Иркутское ГОСБ;1;7725257225
00000000000000004155;Московский банк;Управление МБ по работе с предприятиями транспорта;1;25843017474
00000000000001553694;Сибирский банк;Новосибирское ГОСБ;1;3222576892
00000000000001373780;Северо-Западный банк;Карельское ГОСБ;4;18839479382
00000000000000123616;Байкальский банк;Аппарат Байкальского Банка;1;28022615712
00000000000001759171;Московский банк;Управление МБ по работе с предприятиями сферы услуг;1;24678342102
00000000000000332652;Волго-Вятский банк;Кировское ГОСБ;3;6106378588
00000000000000872379;Центрально-Черноземный банк;Тамбовское ГОСБ;4;26241519786
00000000000000380056;Уральский банк;Аппарат Уральского банка;1;21120798532
00000000000000942979;Среднерусский банк;Аппарат Среднерусского банка;1;6286435067
00000000000000755231;Юго-Западный банк;Аппарат Юго-Западного банка;1;10690187017
00000000000001845054;Волго-Вятский банк;Банк Татарстан ГОСБ;1;14352436736
00000000000002019011;Северо-Западный банк;ГО по Ленинградской области;2;5513334852
00000000000001479517;Уральский банк;Югорское отделение;1;27680520905
00000000000002134789;Уральский банк;Аппарат Уральского банка;1;24545150330
00000000000001622829;Среднерусский банк;Южное ГОСБ;1;1822682077
00000000000000779288;Юго-Западный банк;Ростовское ГОСБ;1;1206424224
00000000000000902353;Поволжский банк;Самарское ГОСБ;1;25233948961
00000000000001591669;Юго-Западный банк;Ставропольское ГОСБ;1;13615867709
00000000000002089354;Сибирский банк;Новосибирское ГОСБ;1;14677668520
00000000000001992581;Северо-Западный банк;ГО по Ленинградской области;2;10751968163
00000000000002090282;Среднерусский банк;Южное ГОСБ;1;19306171118
00000000000001316305;Уральский банк;Свердловское ГОСБ;1;17340208847
00000000000001338826;Волго-Вятский банк;Аппарат Волго-Вятского банка;1;10633473453
00000000000001012562;Уральский банк;Ямало-Ненецкое отделение;4;4854220393
00000000000001713675;Московский банк;Управление МБ по работе с предприятиями инфраструктуры;1;19627307239
00000000000001635434;Московский банк;Управление МБ по работе с предприятиями сферы услуг;1;22851048719
00000000000000410846;Центрально-Черноземный банк;Белгородское ГОСБ;2;29897115350
00000000000000388117;Уральский банк;Свердловское ГОСБ;1;14628357634
00000000000001590418;Московский банк;Управление МБ по работе с предприятиями торговли;1;13705013137
00000000000000396985;Поволжский банк;Астраханское ГОСБ;4;-6010372
00000000000000024462;Московский банк;Управление МБ по работе с предприятиями промышленности;1;0
00000000000002115087;Московский банк;Управление МБ по работе с предприятиями торговли;1;0
00000000000000297132;Среднерусский банк;Костромское ГОСБ;4;14776724355
00000000000000979438;Сибирский банк;Новосибирское ГОСБ;1;8818617386
00000000000000108096;Сибирский банк;Омское ГОСБ;2;0
00000000000001748324;Среднерусский банк;Северное ГОСБ;1;17196268135
00000000000001689552;Волго-Вятский банк;Пермское ГОСБ;1;15536546313
00000000000001325545;Юго-Западный банк;Краснодарское ГОСБ;1;1173793375
00000000000001687599;Среднерусский банк;Ярославское ГОСБ;2;10232090777
00000000000000402032;Центрально-Черноземный банк;Курское ГОСБ;4;6616428961
00000000000000012522;Московский банк;Управление МБ по работе с предприятиями инфраструктуры;1;6137350053
00000000000001201777;Среднерусский банк;Северное ГОСБ;1;-3379379
00000000000001384701;Поволжский банк;Пензенское ГОСБ;3;6535333319
00000000000001563706;Байкальский банк;Иркутское ГОСБ;1;6606668636
00000000000002089100;Байкальский банк;Иркутское ГОСБ;1;25898046306
00000000000001195280;Волго-Вятский банк;Банк Татарстан ГОСБ;1;22758234947
00000000000000882969;Сибирский банк;Алтайское ГОСБ;2;16982491550
00000000000000328037;Волго-Вятский банк;Банк Татарстан ГОСБ;1;28692678659
00000000000000868488;Уральский банк;Югорское отделение;1;11866810052
00000000000001744313;Дальневосточный банк;Камчатское ГОСБ;4;24687704644
00000000000001488386;Северо-Западный банк;ГО по Санкт-Петербургу;1;7494380505
00000000000001940209;Юго-Западный банк;Краснодарское ГОСБ;1;0
00000000000001405988;Сибирский банк;Красноярское ГОСБ;1;-679549
00000000000000924618;Московский банк;Управление МБ по работе с предприятиями сферы недвижимости;1;10896737848
00000000000000121238;Байкальский банк;Иркутское ГОСБ;1;0
00000000000001895376;Московский банк;Управление МБ по работе с предприятиями торговли;1;24169017850
00000000000001189079;Юго-Западный банк;Ростовское ГОСБ;1;15883349221
00000000000000646092;Уральский банк;Свердловское ГОСБ;1;18626257026
00000000000000337234;Волго-Вятский банк;Чувашское ГОСБ;3;13281540198
00000000000001776871;Дальневосточный банк;Хабаровское ГОСБ;2;-9878996
00000000000001743202;Среднерусский банк;Тульское ГОСБ;2;10364644948
00000000000001040205;Юго-Западный банк;Ростовское ГОСБ;1;13938765778
00000000000001699352;Сибирский банк;Новосибирское ГОСБ;1;-8224875
00000000000001976238;Московский банк;Управление МБ по работе с предприятиями торговли;1;13418787510
00000000000000677988;Северо-Западный банк;ГО по Ленинградской области;2;15930754465
00000000000000349330;Сибирский банк;Томское ГОСБ;4;12929448437
00000000000000863053;Среднерусский банк;Южное ГОСБ;1;-9862135
00000000000001342497;Центрально-Черноземный банк;ГО по Воронежской области;1;3704577297
00000000000001141028;Среднерусский банк;Ярославское ГОСБ;2;10706090250
00000000000001287356;Волго-Вятский банк;Удмуртское ГОСБ;2;84152293
00000000000001418444;Сибирский банк;Аппарат Сибирского банка;1;11212957505
00000000000000300028;Среднерусский банк;Ярославское ГОСБ;2;9925860611
00000000000001862031;Байкальский банк;Бурятское ГОСБ;4;15132395721
00000000000001474467;Московский банк;Управление МБ по работе с предприятиями торговли;1;-2392486
00000000000000414575;Центрально-Черноземный банк;Тамбовское ГОСБ;4;14116617638
00000000000002023010;Дальневосточный банк;Благовещенское ГОСБ;3;21308920762
00000000000001777662;Уральский банк;Челябинское ГОСБ;1;16525577746
00000000000000448369;Поволжский банк;Оренбургское ГОСБ;2;20310066412
00000000000002030931;Сибирский банк;Красноярское ГОСБ;1;27897632619
00000000000000316079;Волго-Вятский банк;Аппарат Волго-Вятского банка;1;-9020624
00000000000001810061;Дальневосточный банк;Приморское ГОСБ;1;2649569001
00000000000001737332;Уральский банк;Аппарат Уральского банка;1;2039465046
00000000000001394994;Уральский банк;Западно-Сибирское ГОСБ;2;29177859368
00000000000002110946;Среднерусский банк;Аппарат Среднерусского банка;1;23939055929
00000000000001042720;Волго-Вятский банк;ГО по Нижегородской области;1;26693224969
00000000000000683369;Северо-Западный банк;ГО по Санкт-Петербургу;1;0
00000000000001380795;Центрально-Черноземный банк;ГО по Воронежской области;1;8964238532
00000000000000350578;Сибирский банк;Томское ГОСБ;4;11401957114
00000000000002009163;Поволжский банк;Оренбургское ГОСБ;2;11038098560
00000000000000391857;Поволжский банк;Ульяновское ГОСБ;3;22684614511
00000000000000449911;Поволжский банк;Саратовское ГОСБ;2;-138892
00000000000002170101;Уральский банк;Челябинское ГОСБ;1;12922675300
00000000000000366442;Среднерусский банк;Брянское ГОСБ;3;22862263466
00000000000001191888;Среднерусский банк;Ярославское ГОСБ;2;-1557586
00000000000001698676;Центрально-Черноземный банк;Аппарат Центрально-Черноземного банка;1;14529564909
00000000000001898127;Московский банк;Управление МБ по работе с предприятиями промышленности;1;8760989240
00000000000001543179;Среднерусский банк;Восточное ГОСБ;1;10349816843
00000000000002239647;Северо-Западный банк;Калининградское ГОСБ;3;7942833118
00000000000000860957;Северо-Западный банк;Калининградское ГОСБ;3;27683935983
00000000000001693179;Юго-Западный банк;Ростовское ГОСБ;1;9426774642
00000000000001010871;Сибирский банк;Красноярское ГОСБ;1;2574059660
00000000000001703058;Среднерусский банк;Западное ГОСБ;1;2482893200
00000000000001785499;Среднерусский банк;Южное ГОСБ;1;6794000772
00000000000001852660;Московский банк;Управление МБ по работе с предприятиями промышленности;1;-5980913
00000000000000898172;Поволжский банк;Волгоградское ГОСБ;2;7459130502
00000000000001352324;Среднерусский банк;Западное ГОСБ;1;22612725381
00000000000001823255;Московский банк;Управление МБ по работе с предприятиями транспорта;1;9181215371
00000000000000400625;Московский банк;Управление МБ по работе с предприятиями торговли;1;-4922444
00000000000000124854;Байкальский банк;Иркутское ГОСБ;1;13923271069
00000000000001774632;Среднерусский банк;Северное ГОСБ;1;19079305667
00000000000001742358;Северо-Западный банк;ГО по Санкт-Петербургу;1;25664344822
00000000000000693383;Северо-Западный банк;ГО по Санкт-Петербургу;1;20175659651
00000000000000322121;Северо-Западный банк;ГО по Ленинградской области;2;-1372406
00000000000000814756;Среднерусский банк;Смоленское ГОСБ;4;0
00000000000001612717;Уральский банк;Челябинское ГОСБ;1;7841262266
00000000000000369258;Среднерусский банк;Калужское ГОСБ;3;14543929150
00000000000001957391;Московский банк;Управление МБ по работе с предприятиями торговли;1;5892337225
00000000000001765140;Московский банк;Управление МБ по работе с предприятиями промышленности;1;29512194356
00000000000001959432;Уральский банк;Свердловское ГОСБ;1;-2069610
00000000000002146588;Поволжский банк;Самарское ГОСБ;1;24728432084
00000000000002220494;Северо-Западный банк;Архангельское ГОСБ;2;-6205226
00000000000001154892;Сибирский банк;Аппарат Сибирского банка;1;22691181719
00000000000002186460;Юго-Западный банк;Краснодарское ГОСБ;1;3846152530
00000000000001289195;Юго-Западный банк;Ростовское ГОСБ;1;14811520320
00000000000000548141;Поволжский банк;Самарское ГОСБ;1;28300552075
00000000000000448112;Поволжский банк;Оренбургское ГОСБ;2;-6368316
00000000000001282876;Среднерусский банк;Восточное ГОСБ;1;300419609
00000000000002212492;Среднерусский банк;Ивановское ГОСБ;4;-5904303
00000000000001195887;Московский банк;Управление МБ по работе с предприятиями сферы услуг;1;10234454920
00000000000001494455;Московский банк;Управление МБ по работе с предприятиями сферы услуг;1;26043550471
00000000000000415855;Среднерусский банк;Западное ГОСБ;1;3650849289
00000000000001295217;Юго-Западный банк;Ростовское ГОСБ;1;-3564043
00000000000000506829;Волго-Вятский банк;Владимирское ГОСБ;3;27814477612
00000000000001776938;Северо-Западный банк;ГО по Санкт-Петербургу;1;-1099821
00000000000001607266;Среднерусский банк;Тульское ГОСБ;2;7848359305
00000000000000928631;Байкальский банк;Бурятское ГОСБ;4;18397997053
00000000000001960841;Уральский банк;Ямало-Ненецкое отделение;4;25130010237
00000000000000406320;Центрально-Черноземный банк;ГО по Воронежской области;1;19074437442
00000000000001797243;Уральский банк;Свердловское ГОСБ;1;23151534809
00000000000001819651;Юго-Западный банк;Аппарат Юго-Западного банка;1;2079049723
00000000000001965174;Юго-Западный банк;Краснодарское ГОСБ;1;17620724683
00000000000001671878;Дальневосточный банк;Приморское ГОСБ;1;15043220499
00000000000001594534;Центральный аппарат;;0;10314724492
00000000000002096701;Центрально-Черноземный банк;Аппарат Центрально-Черноземного банка;1;10872249549
00000000000001454911;Байкальский банк;Аппарат Байкальского Банка;1;29027601448
00000000000001590413;Среднерусский банк;Тульское ГОСБ;2;7560349072
00000000000000104062;Волго-Вятский банк;ГО по Нижегородской области;1;259719500
00000000000000408910;Центрально-Черноземный банк;Курское ГОСБ;4;14251875136
00000000000001130076;Байкальский банк;Аппарат Байкальского Банка;1;-5396765
00000000000001785331;Волго-Вятский банк;Пермское ГОСБ;1;22638235434
00000000000002235477;Поволжский банк;Саратовское ГОСБ;2;22067699591
00000000000000418024;Уральский банк;Челябинское ГОСБ;1;5387588047
00000000000000312602;Юго-Западный банк;Ставропольское ГОСБ;1;687267442
00000000000001976708;Северо-Западный банк;ГО по Ленинградской области;2;5559401658
00000000000000770862;Юго-Западный банк;Краснодарское ГОСБ;1;17557433531
00000000000000934098;Волго-Вятский банк;Аппарат Волго-Вятского банка;1;27335751189
00000000000002114988;Уральский банк;Башкирское ГОСБ;1;5930697468
00000000000000351146;Сибирский банк;Алтайское ГОСБ;2;27286605715
00000000000001771038;Среднерусский банк;Южное ГОСБ;1;2042534182
00000000000000770787;Юго-Западный банк;Краснодарское ГОСБ;1;23200260852
00000000000001334559;Юго-Западный банк;ГО по Республике Крым;5;15157573810
00000000000000402285;Центрально-Черноземный банк;Орловское ГОСБ;4;23097630334
00000000000000381650;Уральский банк;Свердловское ГОСБ;1;24681091797
00000000000001117996;Московский банк;Управление МБ по работе с предприятиями сферы недвижимости;1;18935216079
00000000000001911683;Московский банк;Управление МБ по работе с предприятиями торговли;1;26909432133
00000000000001558582;Московский банк;Управление МБ по работе с предприятиями транспорта;1;27648183305
00000000000000376428;Уральский банк;Свердловское ГОСБ;1;18066630622
00000000000002232837;Среднерусский банк;Восточное ГОСБ;1;190230455
00000000000000955025;Уральский банк;Аппарат Уральского банка;1;25632705388
00000000000002240196;Московский банк;Управление МБ по работе с предприятиями инфраструктуры;1;858912675
00000000000000996787;Юго-Западный банк;Краснодарское ГОСБ;1;-8326362
00000000000002094104;Северо-Западный банк;Аппарат территориального банка;0;19873452104
00000000000000110677;Сибирский банк;Омское ГОСБ;2;18981685118
00000000000001911008;Поволжский банк;Аппарат Поволжского банка;1;18446680147
00000000000002215874;Центрально-Черноземный банк;Липецкое ГОСБ;3;27552279515
00000000000001221137;Среднерусский банк;Южное ГОСБ;1;27299462505
00000000000002079189;Юго-Западный банк;Краснодарское ГОСБ;1;15259985652
00000000000001824724;Среднерусский банк;Западное ГОСБ;1;17499530458
00000000000000903540;Уральский банк;Курганское ГОСБ;4;16570631611
00000000000001743677;Северо-Западный банк;Коми ГОСБ;4;14600373057
00000000000001078635;Северо-Западный банк;Аппарат Северо-Западного банка;1;17827196320
00000000000000112668;Уральский банк;Югорское отделение;1;-2134471
00000000000001458934;Центрально-Черноземный банк;Липецкое ГОСБ;3;18221264615
00000000000001678299;Московский банк;Управление МБ по работе с предприятиями торговли;1;16669302931
00000000000001442276;Сибирский банк;Новосибирское ГОСБ;1;-2556459
00000000000000121782;Байкальский банк;Иркутское ГОСБ;1;29605236577
00000000000000409178;Центрально-Черноземный банк;Белгородское ГОСБ;2;21371997905
00000000000001453811;Уральский банк;Западно-Сибирское ГОСБ;2;6154966053
00000000000001266113;Московский банк;Управление МБ по работе с предприятиями сферы недвижимости;1;12733662014
00000000000000389529;Уральский банк;Башкирское ГОСБ;1;25573769792
00000000000001876814;Волго-Вятский банк;Банк Татарстан ГОСБ;1;11427724778
00000000000000385825;Уральский банк;Свердловское ГОСБ;1;-2165821
00000000000001402528;Волго-Вятский банк;ГО по Нижегородской области;1;26701815566
00000000000001114468;Дальневосточный банк;Южно-Сахалинское ГОСБ;3;7870369163
00000000000001735156;Московский банк;Управление МБ по работе с предприятиями сферы услуг;1;23349446867
00000000000001223838;Поволжский банк;Ульяновское ГОСБ;3;20325463613
00000000000000761384;Юго-Западный банк;Краснодарское ГОСБ;1;14397823332
00000000000002019393;Поволжский банк;Самарское ГОСБ;1;14868691805
00000000000001771377;Московский банк;Управление МБ по работе с предприятиями сферы услуг;1;789159819
00000000000000110298;Байкальский банк;Иркутское ГОСБ;1;12366224637
00000000000002021670;Среднерусский банк;Северное ГОСБ;1;5692243497
00000000000001237257;Московский банк;Управление МБ по работе с предприятиями торговли;1;11089913990
00000000000000750261;Юго-Западный банк;Аппарат Юго-Западного банка;1;14361440700
00000000000000368620;Среднерусский банк;Южное ГОСБ;1;-7261968
00000000000001830166;Дальневосточный банк;Южно-Сахалинское ГОСБ;3;16029529964
00000000000002205659;Юго-Западный банк;Ростовское ГОСБ;1;23657448982
00000000000000413965;Среднерусский банк;Западное ГОСБ;1;8605359180
00000000000001786269;Северо-Западный банк;ГО по Санкт-Петербургу;1;27316530997
00000000000000376974;Уральский банк;Челябинское ГОСБ;1;8717167985
00000000000001550349;Волго-Вятский банк;Пермское ГОСБ;1;12740654751
00000000000000523097;Московский банк;Управление МБ по работе с предприятиями сферы услуг;1;27835889532
00000000000000412956;Центрально-Черноземный банк;Белгородское ГОСБ;2;22034224352
00000000000001379642;Среднерусский банк;Смоленское ГОСБ;4;-9205121
00000000000000411898;Центрально-Черноземный банк;Курское ГОСБ;4;29491078010
00000000000000347307;Сибирский банк;Кемеровское ГОСБ;1;23246539891
00000000000001232069;Сибирский банк;Омское ГОСБ;2;-5548397
00000000000000381709;Уральский банк;Свердловское ГОСБ;1;26606532773
00000000000000370759;Московский банк;Управление МБ по работе с предприятиями торговли;1;29506525464
00000000000000454360;Поволжский банк;Саратовское ГОСБ;2;-1891678
00000000000002240703;Среднерусский банк;Северное ГОСБ;1;-7739636
00000000000001439873;Байкальский банк;Аппарат Байкальского Банка;1;5421593910
00000000000001635400;Волго-Вятский банк;Кировское ГОСБ;3;18786918523
00000000000000748494;Юго-Западный банк;Аппарат Юго-Западного банка;1;15995009667
00000000000000349209;Сибирский банк;Кемеровское ГОСБ;1;18949339067
00000000000001134981;Поволжский банк;Волгоградское ГОСБ;2;18584943331
00000000000002016904;Дальневосточный банк;Южно-Сахалинское ГОСБ;3;5572650685
00000000000001728321;Московский банк;Управление МБ по работе с предприятиями транспорта;1;15398281836
00000000000002235548;Московский банк;Управление МБ по работе с предприятиями инфраструктуры;1;15326386062
00000000000000337050;Волго-Вятский банк;Чувашское ГОСБ;3;-9756851
00000000000001765464;Северо-Западный банк;ГО по Санкт-Петербургу;1;22321440159
00000000000000617954;Уральский банк;Башкирское ГОСБ;1;13000384030
00000000000001233213;Уральский банк;Башкирское ГОСБ;1;27238674789
00000000000000310727;Юго-Западный банк;Ставропольское ГОСБ;1;21618124292
00000000000001757465;Юго-Западный банк;Краснодарское ГОСБ;1;12663579453
00000000000001578671;Московский банк;Управление МБ по работе с предприятиями торговли;1;27743056219
00000000000000415602;Центрально-Черноземный банк;Белгородское ГОСБ;2;-2204810
00000000000002096032;Северо-Западный банк;ГО по Санкт-Петербургу;1;-3851845
00000000000000377145;Уральский банк;Курганское ГОСБ;4;2801629251
00000000000002241213;Уральский банк;Свердловское ГОСБ;1;-5390175
00000000000000355097;Сибирский банк;Алтайское ГОСБ;2;2987533394
00000000000000400215;Центрально-Черноземный банк;Курское ГОСБ;4;23353333292
00000000000002008864;Среднерусский банк;Восточное ГОСБ;1;23103588074
00000000000001855705;Уральский банк;Свердловское ГОСБ;1;7671125396
00000000000001011695;Волго-Вятский банк;Банк Татарстан ГОСБ;1;9335466638
00000000000001459859;Московский банк;Управление МБ по работе с предприятиями транспорта;1;-9552284
00000000000001750088;Юго-Западный банк;Краснодарское ГОСБ;1;20105922821
00000000000000804034;Северо-Западный банк;Коми ГОСБ;4;0
00000000000001369075;Среднерусский банк;Северное ГОСБ;1;8266535122
00000000000001759747;Юго-Западный банк;Краснодарское ГОСБ;1;14924009271
00000000000001776355;Волго-Вятский банк;ГО по Нижегородской области;1;15308769047
00000000000000297595;Среднерусский банк;Ярославское ГОСБ;2;12856412807
00000000000000790781;Волго-Вятский банк;Пермское ГОСБ;1;4828032568
00000000000002098267;Среднерусский банк;Восточное ГОСБ;1;22017285284
00000000000001218174;Среднерусский банк;Восточное ГОСБ;1;18952104395
00000000000000756773;Юго-Западный банк;Краснодарское ГОСБ;1;15639136730
00000000000000375065;Уральский банк;Курганское ГОСБ;4;2441021850
00000000000001081937;Уральский банк;Аппарат Уральского банка;1;-6805045
00000000000002152773;Московский банк;Управление МБ по работе с предприятиями промышленности;1;2473938244
00000000000000273299;Сибирский банк;Красноярское ГОСБ;1;9847646080
00000000000001201361;Поволжский банк;Волгоградское ГОСБ;2;28131073453
00000000000000344109;Сибирский банк;Алтайское ГОСБ;2;4059316931
00000000000000412361;Центрально-Черноземный банк;Аппарат Центрально-Черноземного банка;1;3257660577
00000000000002034791;Поволжский банк;Аппарат Поволжского банка;1;15796915083
00000000000000975219;Северо-Западный банк;ГО по Ленинградской области;2;7086603668
00000000000000940822;Сибирский банк;Новосибирское ГОСБ;1;4936114250
00000000000001465591;Волго-Вятский банк;Удмуртское ГОСБ;2;19205583380
00000000000001390693;Волго-Вятский банк;Удмуртское ГОСБ;2;-6140151
00000000000000945965;Юго-Западный банк;ГО по Республике Крым;5;-6297554
00000000000000951932;Поволжский банк;Пензенское ГОСБ;3;-2365233
00000000000002197493;Юго-Западный банк;Ростовское ГОСБ;1;-7995696
00000000000001846649;Уральский банк;Свердловское ГОСБ;1;22046982474
00000000000001060205;Центрально-Черноземный банк;Аппарат Центрально-Черноземного банка;1;22807049667
00000000000001893769;Волго-Вятский банк;Банк Татарстан ГОСБ;1;-8057224
00000000000002148963;Дальневосточный банк;Хабаровское ГОСБ;2;24638019186
00000000000000369819;Среднерусский банк;Тульское ГОСБ;2;14058501055
00000000000002088060;Юго-Западный банк;Аппарат Юго-Западного банка;1;20555467636
00000000000002217329;Центрально-Черноземный банк;Курское ГОСБ;4;24368108282
00000000000000106243;Уральский банк;Западно-Сибирское ГОСБ;2;17563041942
00000000000000406120;Центрально-Черноземный банк;ГО по Воронежской области;1;1161241688
00000000000000802123;Волго-Вятский банк;Пермское ГОСБ;1;5790540957
00000000000002219454;Московский банк;Управление МБ по работе с предприятиями инфраструктуры;1;19056968874
00000000000001781023;Уральский банк;Башкирское ГОСБ;1;-317019
00000000000001760425;Московский банк;Управление МБ по работе с предприятиями сферы услуг;1;22016252220
00000000000001935775;Уральский банк;Югорское отделение;1;-7985767
00000000000001773001;Сибирский банк;Аппарат Сибирского банка;1;16898090842
00000000000001861127;Юго-Западный банк;Краснодарское ГОСБ;1;16634185061
00000000000000347342;Сибирский банк;Алтайское ГОСБ;2;11954250181
00000000000001066602;Сибирский банк;Абаканское ГОСБ;5;0
00000000000001980140;Уральский банк;Башкирское ГОСБ;1;1229047539
00000000000000335345;Волго-Вятский банк;Владимирское ГОСБ;3;16448829284
00000000000002085758;Волго-Вятский банк;ГО по Нижегородской области;1;15262310979
00000000000000957333;Московский банк;Управление МБ по работе с предприятиями сферы недвижимости;1;0
00000000000000763129;Юго-Западный банк;Ростовское ГОСБ;1;15339976564
00000000000001445150;Сибирский банк;Кемеровское ГОСБ;1;11346235076
00000000000001849320;Поволжский банк;Саратовское ГОСБ;2;27460714357
00000000000001600081;Дальневосточный банк;Приморское ГОСБ;1;26654070262
00000000000001672769;Поволжский банк;Самарское ГОСБ;1;3561492583
00000000000001360275;Поволжский банк;Волгоградское ГОСБ;2;12971429175
00000000000000752239;Юго-Западный банк;Ростовское ГОСБ;1;12838376056
00000000000001513966;Поволжский банк;Самарское ГОСБ;1;-5454865
00000000000002023505;Уральский банк;Западно-Сибирское ГОСБ;2;28296457849
00000000000001843141;Сибирский банк;Аппарат Сибирского банка;1;2000903585
00000000000001320881;Центрально-Черноземный банк;ГО по Луганской Народной Республике;5;28665547686
00000000000000457443;Московский банк;Управление МБ по работе с предприятиями промышленности;1;14016873269
00000000000001771191;Поволжский банк;Саратовское ГОСБ;2;17330012880
00000000000002113143;Московский банк;Управление МБ по работе с предприятиями торговли;1;26868543572
00000000000000385831;Уральский банк;Свердловское ГОСБ;1;6671125539
00000000000000889653;Московский банк;Управление МБ по работе с предприятиями торговли;1;25764768190
00000000000000934984;Центрально-Черноземный банк;Орловское ГОСБ;4;15364505144
00000000000000411056;Центрально-Черноземный банк;ГО по Воронежской области;1;-1312426
00000000000000939334;Сибирский банк;Красноярское ГОСБ;1;7441235981
00000000000001267570;Волго-Вятский банк;Пермское ГОСБ;1;2266627822
00000000000001999330;Среднерусский банк;Северное ГОСБ;1;8958672627
00000000000001991111;Уральский банк;Западно-Сибирское ГОСБ;2;3335067685
00000000000002155200;Московский банк;Управление МБ по работе с предприятиями инфраструктуры;1;14409380789
00000000000001676912;Центрально-Черноземный банк;Аппарат Центрально-Черноземного банка;1;28894481972
00000000000000455944;Поволжский банк;Саратовское ГОСБ;2;21887292491
00000000000001810022;Московский банк;Аппарат территориального банка;0;28018315955
00000000000000337982;Волго-Вятский банк;Владимирское ГОСБ;3;9126130510
00000000000000406972;Северо-Западный банк;ГО по Санкт-Петербургу;1;28788645960
00000000000000795783;Волго-Вятский банк;Аппарат Волго-Вятского банка;1;21383833517
00000000000001812402;Московский банк;Управление МБ по работе с предприятиями сферы недвижимости;1;1984463701
00000000000002077827;Среднерусский банк;Южное ГОСБ;1;12191765945
00000000000001714767;Московский банк;Управление МБ по работе с предприятиями сферы недвижимости;1;13431858707
00000000000001809210;Сибирский банк;Красноярское ГОСБ;1;2285226441
00000000000000281615;Сибирский банк;Красноярское ГОСБ;1;11724973982
00000000000001145125;Северо-Западный банк;ГО по Санкт-Петербургу;1;-5117160
00000000000000451656;Поволжский банк;Волгоградское ГОСБ;2;18940569661
00000000000000040531;Московский банк;Управление МБ по работе с предприятиями транспорта;1;28587807205
00000000000001536927;Северо-Западный банк;ГО по Санкт-Петербургу;1;9227346011
00000000000001447447;Московский банк;Управление МБ по работе с предприятиями промышленности;1;11482396198
00000000000002019681;Северо-Западный банк;ГО по Санкт-Петербургу;1;25885676430
00000000000000902095;Северо-Западный банк;Вологодское ГОСБ;3;3581734477
00000000000000602793;Среднерусский банк;Восточное ГОСБ;1;17005972941
00000000000001847645;Волго-Вятский банк;ГО по Нижегородской области;1;12389764868
00000000000000291216;Северо-Западный банк;Вологодское ГОСБ;3;19306048011
00000000000000891736;Северо-Западный банк;Мурманское ГОСБ;2;6728482988
00000000000000864253;Волго-Вятский банк;Владимирское ГОСБ;3;25463379937
00000000000002168811;Московский банк;Управление МБ по работе с предприятиями инфраструктуры;1;-4618822
00000000000000819521;Сибирский банк;Красноярское ГОСБ;1;18718963230
00000000000001160734;Московский банк;Управление МБ по работе с предприятиями транспорта;1;28491066184
00000000000001332028;Юго-Западный банк;Аппарат Юго-Западного банка;1;7727689388
00000000000000348299;Сибирский банк;Новосибирское ГОСБ;1;26012523348
00000000000001753013;Московский банк;Управление МБ по работе с предприятиями сферы недвижимости;1;7618948173
00000000000002156840;Уральский банк;Челябинское ГОСБ;1;28349243573
00000000000001223448;Юго-Западный банк;Ставропольское ГОСБ;1;-5037472
00000000000001705395;Центрально-Черноземный банк;ГО по Воронежской области;1;18780859503
00000000000000284249;Северо-Западный банк;ГО по Санкт-Петербургу;1;4190849632
00000000000000313261;Юго-Западный банк;Ставропольское ГОСБ;1;15021659003
00000000000000754672;Юго-Западный банк;Аппарат Юго-Западного банка;1;0
00000000000002094206;Среднерусский банк;Северное ГОСБ;1;12615766161
00000000000000376509;Уральский банк;Аппарат Уральского банка;1;14874756511
00000000000001821644;Дальневосточный банк;Хабаровское ГОСБ;2;3219158630
00000000000001235776;Байкальский банк;Иркутское ГОСБ;1;20383047871
00000000000001999563;Северо-Западный банк;ГО по Санкт-Петербургу;1;13134974657
00000000000001341337;Уральский банк;Югорское отделение;1;-5872725
00000000000001478384;Уральский банк;Свердловское ГОСБ;1;4249928584
00000000000001451813;Дальневосточный банк;Северо-Восточное ГОСБ;5;14855969414
00000000000001976832;Московский банк;Управление МБ по работе с предприятиями торговли;1;-4690199
00000000000000281185;Московский банк;Управление МБ по работе с предприятиями сферы недвижимости;1;344782044
00000000000001489917;Дальневосточный банк;Северо-Восточное ГОСБ;5;15465797132
00000000000001446520;Байкальский банк;Читинское ГОСБ;3;4601943812
00000000000001145614;Поволжский банк;Волгоградское ГОСБ;2;24816391938
00000000000000681787;Северо-Западный банк;Мурманское ГОСБ;2;13568943578
00000000000001000643;Среднерусский банк;Ивановское ГОСБ;4;13203933270
00000000000002239443;Московский банк;Управление МБ по работе с предприятиями промышленности;1;-6813098
00000000000000879528;Среднерусский банк;Аппарат Среднерусского банка;1;6531332860
00000000000002031648;Дальневосточный банк;Хабаровское ГОСБ;2;14719751828
00000000000001957580;Поволжский банк;Самарское ГОСБ;1;26204282925
00000000000002165146;Северо-Западный банк;Коми ГОСБ;4;-4637449
00000000000002242635;Среднерусский банк;Рязанское ГОСБ;3;13036221254
00000000000000977089;Дальневосточный банк;Благовещенское ГОСБ;3;13725867266
00000000000001067512;Северо-Западный банк;Новгородское ГОСБ;4;3540422815
00000000000001506492;Московский банк;Управление МБ по работе с предприятиями торговли;1;10304706412
00000000000002211963;Среднерусский банк;Южное ГОСБ;1;17773686823
00000000000002239265;Сибирский банк;Томское ГОСБ;4;-2842855
00000000000002211760;Центрально-Черноземный банк;ГО по Воронежской области;1;8066306380
00000000000000125105;Байкальский банк;Иркутское ГОСБ;1;20426417358
00000000000000398154;Среднерусский банк;Северное ГОСБ;1;16042611420
00000000000001683880;Московский банк;Управление МБ по работе с предприятиями транспорта;1;-901337
00000000000000041584;Московский банк;Управление МБ по работе с предприятиями промышленности;1;16446959742
00000000000001499072;Дальневосточный банк;Хабаровское ГОСБ;2;-6839139
00000000000002093912;Московский банк;Управление МБ по работе с предприятиями инфраструктуры;1;5745786278
00000000000000770721;Юго-Западный банк;Краснодарское ГОСБ;1;-2036455
00000000000000762948;Юго-Западный банк;Ростовское ГОСБ;1;27052353080
00000000000000974870;Поволжский банк;Самарское ГОСБ;1;28884860817
00000000000001660865;Уральский банк;Западно-Сибирское ГОСБ;2;24734951319
00000000000000129475;Байкальский банк;Иркутское ГОСБ;1;15411670141
00000000000002029282;Дальневосточный банк;Приморское ГОСБ;1;28524161855
00000000000000334410;Волго-Вятский банк;Чувашское ГОСБ;3;26851249108
00000000000000895983;Московский банк;Управление МБ по работе с предприятиями сферы недвижимости;1;26673256939
00000000000000454465;Поволжский банк;Саратовское ГОСБ;2;24002605951
00000000000001236691;Среднерусский банк;Южное ГОСБ;1;22856972060
00000000000002130212;Северо-Западный банк;ГО по Санкт-Петербургу;1;16658379340
00000000000000041434;Московский банк;Управление МБ по работе с предприятиями сферы недвижимости;1;18440677866
00000000000001707713;Московский банк;Управление МБ по работе с предприятиями инфраструктуры;1;17496681672
00000000000000347152;Сибирский банк;Новосибирское ГОСБ;1;4008828880
00000000000000409239;Среднерусский банк;Западное ГОСБ;1;13863424536
00000000000000910775;Волго-Вятский банк;Мордовское ГОСБ;4;8784574645
00000000000000339116;Волго-Вятский банк;Банк Татарстан ГОСБ;1;-3829041
00000000000000337259;Волго-Вятский банк;Чувашское ГОСБ;3;27824788771
00000000000002178626;Центрально-Черноземный банк;ГО по Воронежской области;1;0
00000000000000026380;Московский банк;Управление МБ по работе с предприятиями сферы недвижимости;1;27414201181
00000000000000369028;Среднерусский банк;Южное ГОСБ;1;13691822459
00000000000000369590;Среднерусский банк;Калужское ГОСБ;3;-7653666
00000000000000272080;Сибирский банк;Красноярское ГОСБ;1;6278229482
00000000000000949103;Московский банк;Управление МБ по работе с предприятиями сферы недвижимости;1;-5601650
00000000000001290855;Юго-Западный банк;Краснодарское ГОСБ;1;5705955354
00000000000001698346;Северо-Западный банк;Вологодское ГОСБ;3;5405448583
00000000000001730940;Московский банк;Управление МБ по работе с предприятиями сферы недвижимости;1;5914223481
00000000000000754335;Юго-Западный банк;Ростовское ГОСБ;1;21353975416
00000000000001423305;Юго-Западный банк;ГО по Республике Крым;5;-82434
00000000000001757270;Сибирский банк;Аппарат Сибирского банка;1;26994474138
00000000000001094000;Центрально-Черноземный банк;ГО по Воронежской области;1;3385895737
00000000000001783718;Московский банк;Управление МБ по работе с предприятиями промышленности;1;2372429231
00000000000001188677;Северо-Западный банк;Коми ГОСБ;4;19700396523
00000000000000688874;Северо-Западный банк;ГО по Ленинградской области;2;6353593694
00000000000001844184;Московский банк;Управление МБ по работе с предприятиями инфраструктуры;1;25506500369
00000000000002072296;Северо-Западный банк;Калининградское ГОСБ;3;5910122750
00000000000001038199;Уральский банк;Свердловское ГОСБ;1;22013229889
00000000000001791105;Среднерусский банк;Аппарат Среднерусского банка;1;22354501032
00000000000001593163;Среднерусский банк;Северное ГОСБ;1;13013882533
00000000000002011744;Сибирский банк;Томское ГОСБ;4;19333917172
00000000000000671642;Московский банк;Управление МБ по работе с предприятиями транспорта;1;3251668016
00000000000000393503;Поволжский банк;Астраханское ГОСБ;4;26543459662
00000000000000035008;Московский банк;Управление МБ по работе с предприятиями сферы недвижимости;1;20788207272
00000000000001121888;Волго-Вятский банк;Кировское ГОСБ;3;288279164
00000000000001440223;Сибирский банк;Красноярское ГОСБ;1;0
00000000000002195218;Северо-Западный банк;ГО по Санкт-Петербургу;1;18479909119
00000000000000931871;Уральский банк;Свердловское ГОСБ;1;27840540233
00000000000001792716;Среднерусский банк;Северное ГОСБ;1;23283382338
00000000000001237430;Северо-Западный банк;ГО по Ленинградской области;2;6329478172
00000000000001729626;Среднерусский банк;Аппарат Среднерусского банка;1;15232970526
00000000000001043626;Среднерусский банк;Тульское ГОСБ;2;18906209595
00000000000000411055;Центрально-Черноземный банк;Белгородское ГОСБ;2;21776513558
00000000000000691791;Северо-Западный банк;ГО по Санкт-Петербургу;1;0
00000000000001491686;Юго-Западный банк;Дагестанское ОСБ;3;0
00000000000001065768;Юго-Западный банк;Аппарат Юго-Западного банка;1;6420967731
00000000000001833498;Юго-Западный банк;Краснодарское ГОСБ;1;-230987
00000000000000312387;Московский банк;Управление МБ по работе с предприятиями торговли;1;0
00000000000001146498;Среднерусский банк;Аппарат Среднерусского банка;1;6542798316
00000000000002239273;Сибирский банк;Томское ГОСБ;4;21097106089
00000000000001697001;Юго-Западный банк;Краснодарское ГОСБ;1;23804694199
00000000000002090727;Центрально-Черноземный банк;Орловское ГОСБ;4;8373279350
00000000000001804234;Волго-Вятский банк;Аппарат Волго-Вятского банка;1;11039475644
00000000000001861697;Центрально-Черноземный банк;Липецкое ГОСБ;3;19043311611
00000000000001975001;Сибирский банк;Алтайское ГОСБ;2;28873697426
00000000000000959931;Среднерусский банк;Тверское ГОСБ;3;29970613047
00000000000001987079;Дальневосточный банк;Приморское ГОСБ;1;29275160818
00000000000000107646;Уральский банк;Западно-Сибирское ГОСБ;2;10605368597
00000000000001524995;Сибирский банк;Томское ГОСБ;4;2465763212
00000000000001281853;Среднерусский банк;Южное ГОСБ;1;24884914038
00000000000002157197;Северо-Западный банк;ГО по Ленинградской области;2;27481696076
00000000000000356175;Сибирский банк;Кемеровское ГОСБ;1;24814294227
00000000000000040158;Московский банк;Управление МБ по работе с предприятиями сферы недвижимости;1;20136435598
00000000000001285424;Центрально-Черноземный банк;Липецкое ГОСБ;3;17472167954
00000000000000033998;Московский банк;Управление МБ по работе с предприятиями торговли;1;-9167935
00000000000001974705;Среднерусский банк;Тульское ГОСБ;2;-9425349
00000000000000133315;Байкальский банк;Аппарат Байкальского Банка;1;-9158349
00000000000002091923;Юго-Западный банк;ГО по Донецкой Народной Республике;5;15134956165
00000000000002023211;Сибирский банк;Новосибирское ГОСБ;1;26406947381
00000000000000367544;Среднерусский банк;Тульское ГОСБ;2;22950579163
00000000000001059991;Московский банк;Управление МБ по работе с предприятиями торговли;1;18123073547
00000000000001733335;Сибирский банк;Кемеровское ГОСБ;1;11260691140
00000000000000388068;Уральский банк;Свердловское ГОСБ;1;27885431596
00000000000000798722;Волго-Вятский банк;Удмуртское ГОСБ;2;-6129707
00000000000001701911;Московский банк;Управление МБ по работе с предприятиями сферы недвижимости;1;9169829975
00000000000001992355;Среднерусский банк;Северное ГОСБ;1;809670964
00000000000001423463;Московский банк;Управление МБ по работе с предприятиями торговли;1;0
00000000000001737855;Московский банк;Управление МБ по работе с предприятиями сферы недвижимости;1;-9625296
00000000000000366653;Среднерусский банк;Брянское ГОСБ;3;-5414174
00000000000001978107;Юго-Западный банк;Ростовское ГОСБ;1;0
00000000000000293997;Северо-Западный банк;Вологодское ГОСБ;3;32506309
00000000000001527563;Московский банк;Управление МБ по работе с предприятиями сферы услуг;1;6786494915
00000000000000370735;Среднерусский банк;Калужское ГОСБ;3;-474766
00000000000001190545;Московский банк;Управление МБ по работе с предприятиями промышленности;1;18419361622
00000000000002074225;Московский банк;Управление МБ по работе с предприятиями инфраструктуры;1;2205531499
00000000000000125143;Среднерусский банк;Ярославское ГОСБ;2;544622881
00000000000001550130;Московский банк;Управление МБ по работе с предприятиями промышленности;1;28491314395
00000000000002117013;Уральский банк;Челябинское ГОСБ;1;1163389824
00000000000002185328;Московский банк;Управление МБ по работе с предприятиями сферы услуг;1;17779408130
00000000000001454350;Поволжский банк;Самарское ГОСБ;1;19819599063
00000000000000363630;Московский банк;Управление МБ по работе с предприятиями инфраструктуры;1;-2187758
00000000000001808024;Северо-Западный банк;ГО по Санкт-Петербургу;1;6365249710
00000000000000869213;Среднерусский банк;Аппарат Среднерусского банка;1;-7354513
00000000000001852553;Волго-Вятский банк;Пермское ГОСБ;1;18382453017
00000000000001590677;Поволжский банк;Саратовское ГОСБ;2;21011389844
00000000000000930202;Среднерусский банк;Западное ГОСБ;1;-585968
00000000000001415944;Центрально-Черноземный банк;Орловское ГОСБ;4;10948307600
00000000000000280463;Сибирский банк;Красноярское ГОСБ;1;-2596938
00000000000001219687;Сибирский банк;Новосибирское ГОСБ;1;29893122122
00000000000000416980;Уральский банк;Челябинское ГОСБ;1;25085759078
00000000000001293105;Среднерусский банк;Ивановское ГОСБ;4;2295229309
00000000000000446642;Поволжский банк;Пензенское ГОСБ;3;-2105439
00000000000000453292;Поволжский банк;Саратовское ГОСБ;2;7477648498
00000000000001755331;Поволжский банк;Самарское ГОСБ;1;28858166639
00000000000000893201;Среднерусский банк;Западное ГОСБ;1;26998844684
00000000000001727433;Московский банк;Управление МБ по работе с предприятиями сферы недвижимости;1;-7465073
00000000000000329881;Волго-Вятский банк;Мордовское ГОСБ;4;18147111244
00000000000002189469;Московский банк;Управление МБ по работе с предприятиями торговли;1;871115079
00000000000001309974;Среднерусский банк;Ярославское ГОСБ;2;9917017205
00000000000000407670;Московский банк;Управление МБ по работе с предприятиями инфраструктуры;1;7699165926
00000000000001472741;Северо-Западный банк;ГО по Санкт-Петербургу;1;27333707641
00000000000001798101;Московский банк;Управление МБ по работе с предприятиями сферы услуг;1;29910104654
00000000000002013994;Поволжский банк;Волгоградское ГОСБ;2;7553026024
00000000000000274460;Сибирский банк;Абаканское ГОСБ;5;8622717823
00000000000000967019;Московский банк;Управление МБ по работе с предприятиями торговли;1;-4349861
00000000000001925183;Среднерусский банк;Западное ГОСБ;1;15438128712
00000000000001401499;Сибирский банк;Аппарат Сибирского банка;1;-8066167
00000000000001976437;Московский банк;Управление МБ по работе с предприятиями торговли;1;9979272260
00000000000000780450;Юго-Западный банк;Краснодарское ГОСБ;1;-8551476
00000000000001423936;Среднерусский банк;Западное ГОСБ;1;25842559169
00000000000000676161;Северо-Западный банк;Калининградское ГОСБ;3;-6070976
00000000000001965155;Уральский банк;Свердловское ГОСБ;1;13740722460
00000000000001823756;Московский банк;Управление МБ по работе с предприятиями промышленности;1;7509051521
00000000000001223333;Уральский банк;Челябинское ГОСБ;1;9050626383
00000000000001795787;Северо-Западный банк;ГО по Санкт-Петербургу;1;6531515935
00000000000001811671;Среднерусский банк;Тульское ГОСБ;2;15305338903
00000000000001736817;Уральский банк;Аппарат Уральского банка;1;13448650227
00000000000000296770;Северо-Западный банк;Аппарат Северо-Западного банка;1;9215606954
00000000000000359461;Среднерусский банк;Брянское ГОСБ;3;0
00000000000001144484;Уральский банк;Югорское отделение;1;0
00000000000000753637;Юго-Западный банк;Ростовское ГОСБ;1;-3248631
00000000000000901196;Уральский банк;Башкирское ГОСБ;1;-2574314
00000000000000347075;Сибирский банк;Алтайское ГОСБ;2;-8498488
00000000000000946603;Московский банк;Управление МБ по работе с предприятиями промышленности;1;23402908164
00000000000001656613;Московский банк;Управление МБ по работе с предприятиями сферы недвижимости;1;20972662959
00000000000001990703;Московский банк;Управление МБ по работе с предприятиями промышленности;1;16889941020
00000000000001613609;Московский банк;Управление МБ по работе с предприятиями сферы недвижимости;1;0
00000000000001449087;Байкальский банк;Бурятское ГОСБ;4;29188033664
00000000000001555186;Среднерусский банк;Аппарат Среднерусского банка;1;29536276867
00000000000001886257;Поволжский банк;Самарское ГОСБ;1;-5924918
00000000000001786321;Московский банк;Управление МБ по работе с предприятиями инфраструктуры;1;0
00000000000000331137;Волго-Вятский банк;Аппарат Волго-Вятского банка;1;19654536015
00000000000002108280;Центрально-Черноземный банк;ГО по Воронежской области;1;3943359773
00000000000001735032;Волго-Вятский банк;Банк Татарстан ГОСБ;1;19223530245
00000000000001474999;Волго-Вятский банк;Пермское ГОСБ;1;5815493338
00000000000000920136;Поволжский банк;Волгоградское ГОСБ;2;11155198673
00000000000000415734;Московский банк;Управление МБ по работе с предприятиями торговли;1;0
00000000000001556130;Московский банк;Управление МБ по работе с предприятиями торговли;1;8472126267
00000000000000339109;Волго-Вятский банк;Чувашское ГОСБ;3;12910908370
00000000000000406182;Центрально-Черноземный банк;Аппарат Центрально-Черноземного банка;1;11110968798
00000000000000334437;Волго-Вятский банк;Владимирское ГОСБ;3;28441069263
00000000000000706375;Северо-Западный банк;ГО по Санкт-Петербургу;1;2456032039
00000000000000328192;Волго-Вятский банк;Банк Татарстан ГОСБ;1;8481926366
00000000000001358488;Среднерусский банк;Северное ГОСБ;1;12849860419
00000000000001963645;Юго-Западный банк;Адыгейское ГОСБ;5;24858481284
00000000000000969807;Байкальский банк;Иркутское ГОСБ;1;16304804424
00000000000001502919;Московский банк;Управление МБ по работе с предприятиями торговли;1;26795726734
00000000000001265845;Юго-Западный банк;Ростовское ГОСБ;1;10651190733
00000000000000115362;Сибирский банк;Омское ГОСБ;2;28795609593
00000000000000931849;Уральский банк;Свердловское ГОСБ;1;25316274705
00000000000002198429;Уральский банк;Свердловское ГОСБ;1;12562931940
00000000000001873456;Поволжский банк;Самарское ГОСБ;1;3090924161
00000000000000810216;Волго-Вятский банк;Удмуртское ГОСБ;2;2241104797
00000000000002001600;Среднерусский банк;Северное ГОСБ;1;25522763992
00000000000002094167;Среднерусский банк;Западное ГОСБ;1;1631480746
00000000000001022752;Уральский банк;Югорское отделение;1;2463096673
00000000000000035989;Московский банк;Управление МБ по работе с предприятиями промышленности;1;14622402357
00000000000000301591;Дальневосточный банк;Северо-Восточное ГОСБ;5;-2255500
00000000000001951214;Среднерусский банк;Южное ГОСБ;1;0
00000000000001584283;Волго-Вятский банк;Пермское ГОСБ;1;12046463205
00000000000001862294;Московский банк;Управление МБ по работе с предприятиями инфраструктуры;1;11485914651
00000000000001584891;Сибирский банк;Аппарат Сибирского банка;1;0
00000000000002222878;Северо-Западный банк;ГО по Ленинградской области;2;0
00000000000001727443;Московский банк;Управление МБ по работе с предприятиями торговли;1;23880722616
00000000000001823648;Московский банк;Управление МБ по работе с предприятиями транспорта;1;29984011775
00000000000001067773;Московский банк;Управление МБ по работе с предприятиями торговли;1;-6120571
00000000000001578461;Уральский банк;Югорское отделение;1;14528155844
00000000000001066474;Волго-Вятский банк;Банк Татарстан ГОСБ;1;28965578837
00000000000001387864;Дальневосточный банк;Приморское ГОСБ;1;0
00000000000001918285;Поволжский банк;Самарское ГОСБ;1;26053024562
00000000000001813797;Юго-Западный банк;Ставропольское ГОСБ;1;13946855728
00000000000001382425;Среднерусский банк;Ярославское ГОСБ;2;0
00000000000002199871;Московский банк;Управление МБ по работе с предприятиями торговли;1;3552360721
00000000000001766116;Уральский банк;Свердловское ГОСБ;1;28980836361
00000000000000386887;Уральский банк;Свердловское ГОСБ;1;-8367926
00000000000000802514;Северо-Западный банк;Коми ГОСБ;4;8358293612
00000000000000292318;Северо-Западный банк;Вологодское ГОСБ;3;7456408738
00000000000000858907;Юго-Западный банк;Ставропольское ГОСБ;1;24179712548
00000000000001320390;Среднерусский банк;Западное ГОСБ;1;2868804549
00000000000001760421;Уральский банк;Западно-Сибирское ГОСБ;2;-3059040
00000000000000127085;Байкальский банк;Иркутское ГОСБ;1;29769752757
00000000000001802730;Московский банк;Управление МБ по работе с предприятиями промышленности;1;20079973516
00000000000001837490;Дальневосточный банк;Аппарат Дальневосточного банка;1;17600616438
00000000000001737297;Уральский банк;Аппарат Уральского банка;1;11662085389
00000000000001802943;Московский банк;Управление МБ по работе с предприятиями торговли;1;-9856973
00000000000001072073;Сибирский банк;Омское ГОСБ;2;23134349831
00000000000001753023;Московский банк;Управление МБ по работе с предприятиями торговли;1;6619888426
00000000000001292306;Центрально-Черноземный банк;Липецкое ГОСБ;3;4982176148
00000000000001133082;Уральский банк;Аппарат Уральского банка;1;29231997720
00000000000000905406;Поволжский банк;Самарское ГОСБ;1;24149112469
00000000000000410568;Центрально-Черноземный банк;Белгородское ГОСБ;2;1499463551
00000000000001755473;Московский банк;Управление МБ по работе с предприятиями сферы недвижимости;1;16651377562
00000000000001808869;Волго-Вятский банк;Пермское ГОСБ;1;22812409367
00000000000001763503;Северо-Западный банк;ГО по Ленинградской области;2;24952998046
00000000000000394235;Поволжский банк;Ульяновское ГОСБ;3;4014070914
00000000000001719710;Дальневосточный банк;Хабаровское ГОСБ;2;0
00000000000001384338;Московский банк;Управление МБ по работе с предприятиями транспорта;1;24434490463
00000000000001149469;Северо-Западный банк;ГО по Ленинградской области;2;23053943183
00000000000001989872;Юго-Западный банк;Ростовское ГОСБ;1;20043996959
00000000000002183743;Московский банк;Управление МБ по работе с предприятиями сферы услуг;1;6058158486
00000000000001908104;Центрально-Черноземный банк;Белгородское ГОСБ;2;22103730914
00000000000000327074;Волго-Вятский банк;Банк Татарстан ГОСБ;1;9606271280
00000000000001719387;Дальневосточный банк;Хабаровское ГОСБ;2;12006046903
00000000000000313752;Среднерусский банк;Южное ГОСБ;1;14294513303
00000000000001870965;Волго-Вятский банк;Чувашское ГОСБ;3;15472152829
00000000000001117094;Уральский банк;Западно-Сибирское ГОСБ;2;19342956584
00000000000001119658;Сибирский банк;Красноярское ГОСБ;1;19763706457
00000000000001552562;Северо-Западный банк;Коми ГОСБ;4;-3094200
00000000000001667680;Уральский банк;Югорское отделение;1;0
00000000000000022997;Московский банк;Управление МБ по работе с предприятиями инфраструктуры;1;22938412105
00000000000001626736;Московский банк;Управление МБ по работе с предприятиями торговли;1;3937430138
00000000000000321522;Волго-Вятский банк;ГО по Нижегородской области;1;24491159612
00000000000002155166;Московский банк;Управление МБ по работе с предприятиями промышленности;1;12243733688
00000000000000311021;Юго-Западный банк;Чеченское ОСБ;5;-2838002
00000000000002120880;Северо-Западный банк;ГО по Ленинградской области;2;23264414773
00000000000001534147;Поволжский банк;Аппарат Поволжского банка;1;-3859618
00000000000000456769;Поволжский банк;Саратовское ГОСБ;2;19279567712
00000000000001976954;Юго-Западный банк;ГО по Республике Крым;5;10283397963
00000000000001764260;Поволжский банк;Пензенское ГОСБ;3;10095156272
00000000000000405483;Центрально-Черноземный банк;ГО по Воронежской области;1;22056184334
00000000000000918232;Сибирский банк;Красноярское ГОСБ;1;17818866476
00000000000002023617;Среднерусский банк;Костромское ГОСБ;4;12174092468
00000000000002122770;Волго-Вятский банк;Марий Эл ГОСБ;5;-4010425
00000000000001997421;Северо-Западный банк;ГО по Санкт-Петербургу;1;-8823661
00000000000000880656;Дальневосточный банк;Южно-Сахалинское ГОСБ;3;8930692338
00000000000000374352;Среднерусский банк;Калужское ГОСБ;3;6787412994
00000000000001353471;Центрально-Черноземный банк;ГО по Воронежской области;1;18577196984
00000000000000374092;Среднерусский банк;Восточное ГОСБ;1;28111530375
00000000000001500924;Уральский банк;Башкирское ГОСБ;1;14853050324
00000000000001281175;Дальневосточный банк;Камчатское ГОСБ;4;20220311519
00000000000001223113;Поволжский банк;Оренбургское ГОСБ;2;2265882235
00000000000001786872;Байкальский банк;Якутское ГОСБ;2;-2965004
00000000000000365626;Среднерусский банк;Восточное ГОСБ;1;9205171003
00000000000000674276;Московский банк;Управление МБ по работе с предприятиями сферы услуг;1;-243831
00000000000001590515;Дальневосточный банк;Чукотское ГОСБ;5;-7008983
00000000000000291978;Северо-Западный банк;Архангельское ГОСБ;2;25013687100
00000000000000334881;Волго-Вятский банк;Владимирское ГОСБ;3;15126864172
00000000000000331807;Волго-Вятский банк;Банк Татарстан ГОСБ;1;22114197143
00000000000001360894;Московский банк;Управление МБ по работе с предприятиями промышленности;1;9741120960
00000000000000446708;Поволжский банк;Пензенское ГОСБ;3;15818671831
00000000000000892438;Северо-Западный банк;ГО по Санкт-Петербургу;1;17367812902
00000000000001709614;Московский банк;Управление МБ по работе с предприятиями торговли;1;5711891289
00000000000000874167;Сибирский банк;Новосибирское ГОСБ;1;6344139325
00000000000002114613;Северо-Западный банк;ГО по Санкт-Петербургу;1;16801546464
00000000000000351816;Сибирский банк;Кемеровское ГОСБ;1;0
00000000000000870942;Уральский банк;Свердловское ГОСБ;1;3261579700
00000000000001981464;Волго-Вятский банк;Банк Татарстан ГОСБ;1;11021442799
00000000000002212089;Поволжский банк;Самарское ГОСБ;1;10155556144
00000000000001810126;Среднерусский банк;Западное ГОСБ;1;3427228790
00000000000001709353;Северо-Западный банк;ГО по Санкт-Петербургу;1;24333871847
00000000000001533939;Московский банк;Управление МБ по работе с предприятиями сферы услуг;1;25498317965
00000000000001803359;Московский банк;Управление МБ по работе с предприятиями торговли;1;17748399389
00000000000000884464;Московский банк;Управление МБ по работе с предприятиями промышленности;1;22965813288
00000000000001993396;Северо-Западный банк;ГО по Санкт-Петербургу;1;10749364774
00000000000000106479;Уральский банк;Югорское отделение;1;13362458172
00000000000000673590;Среднерусский банк;Калужское ГОСБ;3;6989892050
00000000000000976891;Волго-Вятский банк;Чувашское ГОСБ;3;1025546829
00000000000000933168;Среднерусский банк;Ивановское ГОСБ;4;28340926139
00000000000002014041;Байкальский банк;Иркутское ГОСБ;1;22970529206
00000000000001841035;Юго-Западный банк;Ростовское ГОСБ;1;8374134023
00000000000002217121;Московский банк;Управление МБ по работе с предприятиями инфраструктуры;1;-9582149
00000000000000280220;Сибирский банк;Красноярское ГОСБ;1;9231916162
00000000000002203150;Северо-Западный банк;Калининградское ГОСБ;3;23203179186
00000000000000772485;Юго-Западный банк;Ростовское ГОСБ;1;6058981671
00000000000001116973;Байкальский банк;Иркутское ГОСБ;1;16418061743
00000000000000408881;Центрально-Черноземный банк;ГО по Воронежской области;1;-2248838
00000000000000332636;Среднерусский банк;Западное ГОСБ;1;25849551496
00000000000001783539;Уральский банк;Свердловское ГОСБ;1;16653648291
00000000000001731962;Среднерусский банк;Западное ГОСБ;1;2166149831
00000000000001787520;Юго-Западный банк;Краснодарское ГОСБ;1;5720376854
00000000000000343318;Волго-Вятский банк;Аппарат Волго-Вятского банка;1;9654364284
00000000000002149945;Поволжский банк;Самарское ГОСБ;1;10966416274
00000000000000998218;Байкальский банк;Якутское ГОСБ;2;0
00000000000001152041;Дальневосточный банк;Благовещенское ГОСБ;3;0
00000000000001861741;Московский банк;Управление МБ по работе с предприятиями инфраструктуры;1;10570354774
00000000000001782689;Среднерусский банк;Южное ГОСБ;1;29481339584
00000000000000403075;Центрально-Черноземный банк;ГО по Воронежской области;1;-227392
00000000000001729535;Уральский банк;Западно-Сибирское ГОСБ;2;14233883306
00000000000001064337;Юго-Западный банк;Кабардино-Балкарское ОСБ;5;0
00000000000000030078;Московский банк;Управление МБ по работе с предприятиями транспорта;1;22860092013
00000000000001779015;Московский банк;Управление МБ по работе с предприятиями инфраструктуры;1;-8852758
00000000000000333139;Волго-Вятский банк;Банк Татарстан ГОСБ;1;14585757870
00000000000000312113;Юго-Западный банк;Ставропольское ГОСБ;1;22454864028
00000000000001064058;Среднерусский банк;Костромское ГОСБ;4;17220498466
00000000000001897690;Северо-Западный банк;ГО по Санкт-Петербургу;1;-411456
00000000000001554000;Волго-Вятский банк;Кировское ГОСБ;3;18874181998
00000000000002198433;Уральский банк;Челябинское ГОСБ;1;2369597759
00000000000000356226;Сибирский банк;Алтайское ГОСБ;2;12736444514
00000000000001414876;Центрально-Черноземный банк;Аппарат Центрально-Черноземного банка;1;485294608
00000000000001038058;Северо-Западный банк;ГО по Санкт-Петербургу;1;10046039551
00000000000000773064;Юго-Западный банк;Краснодарское ГОСБ;1;8654213838
00000000000001246518;Центрально-Черноземный банк;Аппарат Центрально-Черноземного банка;1;25954959404
00000000000000938226;Центрально-Черноземный банк;ГО по Воронежской области;1;-1670788
00000000000001713778;Северо-Западный банк;ГО по Ленинградской области;2;18099470685
00000000000000560968;Байкальский банк;Якутское ГОСБ;2;19387806615
00000000000000406616;Центрально-Черноземный банк;ГО по Воронежской области;1;17272366707
00000000000001326904;Московский банк;Управление МБ по работе с предприятиями сферы недвижимости;1;-3612108
00000000000001211958;Московский банк;Управление МБ по работе с предприятиями торговли;1;-7011093
00000000000001266634;Байкальский банк;Иркутское ГОСБ;1;14334383685
00000000000000850101;Московский банк;Управление МБ по работе с предприятиями промышленности;1;25719113577
00000000000001788353;Юго-Западный банк;ГО по Донецкой Народной Республике;5;924845374
00000000000001651774;Центрально-Черноземный банк;Орловское ГОСБ;4;19210159680
00000000000000333009;Волго-Вятский банк;Банк Татарстан ГОСБ;1;20879753506
00000000000001975087;Среднерусский банк;Восточное ГОСБ;1;24705472859
00000000000002014215;Дальневосточный банк;Аппарат Дальневосточного банка;1;3235385692
00000000000000675213;Среднерусский банк;Западное ГОСБ;1;24826760557
00000000000002011830;Волго-Вятский банк;Пермское ГОСБ;1;24626799976
00000000000001545984;Волго-Вятский банк;Пермское ГОСБ;1;27148388677
00000000000001735526;Среднерусский банк;Северное ГОСБ;1;28094135682
00000000000001629009;Северо-Западный банк;ГО по Ленинградской области;2;10688942218
00000000000000274964;Сибирский банк;Красноярское ГОСБ;1;17843090313
00000000000001989589;Северо-Западный банк;ГО по Санкт-Петербургу;1;2358541221
00000000000000414689;Центрально-Черноземный банк;ГО по Воронежской области;1;4070299029
00000000000000768653;Юго-Западный банк;Краснодарское ГОСБ;1;0
00000000000000930393;Среднерусский банк;Тверское ГОСБ;3;-6104384
00000000000001890039;Московский банк;Управление МБ по работе с предприятиями сферы недвижимости;1;13896028404
00000000000001555945;Среднерусский банк;Западное ГОСБ;1;11927204574
00000000000000353428;Сибирский банк;Новосибирское ГОСБ;1;-3729547
00000000000001440889;Поволжский банк;Астраханское ГОСБ;4;29654616921
00000000000001007862;Сибирский банк;Кемеровское ГОСБ;1;25061932318
00000000000002026081;Северо-Западный банк;ГО по Санкт-Петербургу;1;0
00000000000000112458;Уральский банк;Западно-Сибирское ГОСБ;2;2289146487
00000000000000451385;Московский банк;Управление МБ по работе с предприятиями торговли;1;21914600566
00000000000002115729;Центрально-Черноземный банк;ГО по Луганской Народной Республике;5;-7856771
00000000000000961724;Уральский банк;Западно-Сибирское ГОСБ;2;-6658748
00000000000002153982;Дальневосточный банк;Северо-Восточное ГОСБ;5;20534198634
00000000000001828843;Среднерусский банк;Тульское ГОСБ;2;-1524691
00000000000001343646;Уральский банк;Челябинское ГОСБ;1;20663442019
00000000000001755481;Московский банк;Управление МБ по работе с предприятиями сферы недвижимости;1;27224002888
00000000000000325147;Волго-Вятский банк;ГО по Нижегородской области;1;23966752295
00000000000001040470;Юго-Западный банк;Краснодарское ГОСБ;1;13446744077
00000000000001535263;Московский банк;Управление МБ по работе с предприятиями сферы недвижимости;1;-3121986
00000000000000421287;Уральский банк;Челябинское ГОСБ;1;1658042713
00000000000001120047;Поволжский банк;Ульяновское ГОСБ;3;6568080956
00000000000001223591;Дальневосточный банк;Хабаровское ГОСБ;2;23592936274
00000000000001422489;Северо-Западный банк;ГО по Санкт-Петербургу;1;26181286581
00000000000002151795;Дальневосточный банк;Южно-Сахалинское ГОСБ;3;0
00000000000001131898;Сибирский банк;Кемеровское ГОСБ;1;17696144275
00000000000000754688;Юго-Западный банк;Краснодарское ГОСБ;1;13564974435
00000000000001917658;Байкальский банк;Якутское ГОСБ;2;-5515570
00000000000000861403;Среднерусский банк;Тверское ГОСБ;3;29271620489
00000000000001509336;Северо-Западный банк;ГО по Санкт-Петербургу;1;16491637719
00000000000000821177;Сибирский банк;Новосибирское ГОСБ;1;23835975160
00000000000002012485;Поволжский банк;Самарское ГОСБ;1;13025719557
00000000000002242375;Уральский банк;Башкирское ГОСБ;1;4324923898
00000000000001145615;Поволжский банк;Волгоградское ГОСБ;2;29659085857
00000000000001396077;Уральский банк;Башкирское ГОСБ;1;26388796049
00000000000001508102;Дальневосточный банк;Северо-Восточное ГОСБ;5;23297786442
00000000000001466699;Юго-Западный банк;Краснодарское ГОСБ;1;-2289685
00000000000001875109;Московский банк;Управление МБ по работе с предприятиями транспорта;1;23502683624
00000000000001553472;Среднерусский банк;Северное ГОСБ;1;17956084242
00000000000001654496;Московский банк;Управление МБ по работе с предприятиями торговли;1;28887634121
00000000000000350696;Сибирский банк;Новосибирское ГОСБ;1;-2772799
00000000000001816116;Юго-Западный банк;Аппарат Юго-Западного банка;1;13603868052
00000000000002012235;Юго-Западный банк;Краснодарское ГОСБ;1;9187983877
00000000000000300547;Среднерусский банк;Ярославское ГОСБ;2;17912597011
00000000000000934416;Поволжский банк;Самарское ГОСБ;1;23793118269
00000000000001959852;Московский банк;Управление МБ по работе с предприятиями транспорта;1;8074652745
00000000000000039756;Московский банк;Управление МБ по работе с предприятиями промышленности;1;19088751585
00000000000001333351;Московский банк;Управление МБ по работе с предприятиями торговли;1;26731662266
00000000000001898498;Северо-Западный банк;ГО по Санкт-Петербургу;1;216325010
00000000000001353757;Сибирский банк;Кемеровское ГОСБ;1;21352093112
00000000000000418832;Уральский банк;Башкирское ГОСБ;1;17526144253
00000000000001668067;Дальневосточный банк;Приморское ГОСБ;1;5253561725
00000000000000926838;Московский банк;Управление МБ по работе с предприятиями промышленности;1;15976250913
00000000000001283038;Сибирский банк;Аппарат Сибирского банка;1;5746835782
00000000000002234719;Среднерусский банк;Ярославское ГОСБ;2;9172788545
00000000000001537632;Сибирский банк;Аппарат Сибирского банка;1;20098879360
00000000000001827689;Сибирский банк;Новосибирское ГОСБ;1;-4045091
00000000000000923775;Среднерусский банк;Смоленское ГОСБ;4;17912996270
00000000000000812839;Юго-Западный банк;Кабардино-Балкарское ОСБ;5;7995246213
00000000000000413862;Центрально-Черноземный банк;Белгородское ГОСБ;2;0
00000000000000283902;Дальневосточный банк;Аппарат Дальневосточного банка;1;20004035587
00000000000001353448;Северо-Западный банк;Калининградское ГОСБ;3;12742907654
00000000000002079287;Поволжский банк;Самарское ГОСБ;1;17195423548
00000000000002203664;Среднерусский банк;Ярославское ГОСБ;2;20216273365
00000000000000392735;Поволжский банк;Самарское ГОСБ;1;14011397819
00000000000001398854;Среднерусский банк;Аппарат Среднерусского банка;1;22046812111
00000000000001066745;Уральский банк;Югорское отделение;1;25366896501
00000000000001590386;Волго-Вятский банк;Аппарат Волго-Вятского банка;1;18070727733
00000000000001072761;Московский банк;Управление МБ по работе с предприятиями сферы недвижимости;1;13463876286
00000000000002239540;Среднерусский банк;Рязанское ГОСБ;3;6025651900
00000000000001956471;Юго-Западный банк;Краснодарское ГОСБ;1;0
00000000000000968303;Северо-Западный банк;Архангельское ГОСБ;2;21856685295
00000000000002141357;Среднерусский банк;Западное ГОСБ;1;22620066559
00000000000001455613;Московский банк;Управление МБ по работе с предприятиями торговли;1;21837363629
00000000000001966429;Северо-Западный банк;ГО по Санкт-Петербургу;1;5226369216
00000000000000921626;Среднерусский банк;Ивановское ГОСБ;4;12500725023
00000000000000321300;Волго-Вятский банк;ГО по Нижегородской области;1;18891004632
00000000000000700519;Среднерусский банк;Северное ГОСБ;1;-7849213
00000000000002229019;Сибирский банк;Новосибирское ГОСБ;1;0
00000000000000960308;Юго-Западный банк;Ростовское ГОСБ;1;0
00000000000000029303;Московский банк;Управление МБ по работе с предприятиями сферы недвижимости;1;2655894004
00000000000000887170;Сибирский банк;Красноярское ГОСБ;1;23572369611
00000000000001712413;Поволжский банк;Самарское ГОСБ;1;13018641340
00000000000001925491;Волго-Вятский банк;ГО по Нижегородской области;1;14689565420
00000000000002185852;Юго-Западный банк;Ростовское ГОСБ;1;0
00000000000000362327;Среднерусский банк;Западное ГОСБ;1;21216685352
00000000000000687532;Северо-Западный банк;Карельское ГОСБ;4;29952706791
00000000000000348252;Сибирский банк;Томское ГОСБ;4;5499335579
00000000000002224827;Северо-Западный банк;ГО по Санкт-Петербургу;1;10556512753
00000000000000126579;Байкальский банк;Читинское ГОСБ;3;11957097503
00000000000001666518;Сибирский банк;Новосибирское ГОСБ;1;-2433563
00000000000001436102;Московский банк;Управление МБ по работе с предприятиями сферы услуг;1;-7425504
00000000000001738313;Юго-Западный банк;Ростовское ГОСБ;1;29463637865
00000000000001687593;Уральский банк;Челябинское ГОСБ;1;-212070
00000000000001976001;Дальневосточный банк;Приморское ГОСБ;1;4322960423
00000000000002153382;Северо-Западный банк;ГО по Санкт-Петербургу;1;20785646748
00000000000000782346;Юго-Западный банк;Краснодарское ГОСБ;1;22895312383
00000000000000895366;Юго-Западный банк;Ростовское ГОСБ;1;-6056526
00000000000000768588;Центрально-Черноземный банк;ГО по Луганской Народной Республике;5;0
00000000000001941696;Среднерусский банк;Костромское ГОСБ;4;28146977555
00000000000001005841;Юго-Западный банк;Краснодарское ГОСБ;1;22723746198
00000000000002004441;Московский банк;Управление МБ по работе с предприятиями торговли;1;23554775285
00000000000002178655;Дальневосточный банк;Хабаровское ГОСБ;2;26282029918
00000000000000701970;Северо-Западный банк;ГО по Ленинградской области;2;26618536267
00000000000001394635;Дальневосточный банк;Хабаровское ГОСБ;2;17328518172
00000000000002233083;Поволжский банк;Волгоградское ГОСБ;2;-5788484
00000000000001837272;Среднерусский банк;Ивановское ГОСБ;4;21761483521
00000000000001757611;Московский банк;Управление МБ по работе с предприятиями торговли;1;29959064226
00000000000001010884;Дальневосточный банк;Благовещенское ГОСБ;3;21290890168
00000000000001741271;Волго-Вятский банк;Банк Татарстан ГОСБ;1;7634180495
00000000000000291309;Среднерусский банк;Ивановское ГОСБ;4;22046797458
00000000000001434190;Московский банк;Управление МБ по работе с предприятиями торговли;1;-3129651
00000000000001728679;Юго-Западный банк;Ростовское ГОСБ;1;0
00000000000002245743;Московский банк;Управление МБ по работе с предприятиями торговли;1;19409406573
00000000000001987692;Юго-Западный банк;Краснодарское ГОСБ;1;-7138378
00000000000001776832;Московский банк;Управление МБ по работе с предприятиями транспорта;1;624928188
00000000000000353837;Сибирский банк;Новосибирское ГОСБ;1;13027744682
00000000000001498901;Юго-Западный банк;Ростовское ГОСБ;1;14819322439
00000000000002070853;Поволжский банк;Саратовское ГОСБ;2;26948788664
00000000000000321621;Московский банк;Управление МБ по работе с предприятиями сферы недвижимости;1;-9065397
00000000000001955454;Сибирский банк;Кемеровское ГОСБ;1;0
00000000000001045469;Юго-Западный банк;Дагестанское ОСБ;3;21362654983
00000000000000415541;Среднерусский банк;Аппарат Среднерусского банка;1;-6300721
00000000000000378000;Уральский банк;Башкирское ГОСБ;1;3206071746
00000000000000964250;Московский банк;Управление МБ по работе с предприятиями инфраструктуры;1;25301206055
00000000000001988230;Среднерусский банк;Аппарат Среднерусского банка;1;24468976397
00000000000001377791;Уральский банк;Челябинское ГОСБ;1;26788514365
00000000000002037445;Московский банк;Управление МБ по работе с предприятиями инфраструктуры;1;333747575
00000000000001694485;Московский банк;Управление МБ по работе с предприятиями торговли;1;20245523598
00000000000002218425;Северо-Западный банк;ГО по Санкт-Петербургу;1;-2858241
00000000000000331707;Волго-Вятский банк;Мордовское ГОСБ;4;2915325142
00000000000000851952;Центрально-Черноземный банк;Курское ГОСБ;4;-3048687
00000000000001730697;Юго-Западный банк;Кабардино-Балкарское ОСБ;5;4783206917
00000000000002131195;Северо-Западный банк;ГО по Санкт-Петербургу;1;28390648455
00000000000001511928;Среднерусский банк;Западное ГОСБ;1;7234977899
00000000000001458397;Поволжский банк;Самарское ГОСБ;1;2571487734
